:020000040802F0
:1000000090F700207D020208AD8202083338020812
:10001000AB820208C91402086D8E020800000000BD
:10002000000000000000000000000000C501020800
:10003000351502080000000019020208C1880208F4
:100040009702020897020208970202089702020824
:100050009702020897020208970202089702020814
:100060009702020897020208970202089702020804
:1000700097020208970202089702020897020208F4
:1000800097020208970202089702020897020208E4
:1000900097020208970202089702020897020208D4
:1000A00097020208970202089702020897020208C4
:1000B00097020208970202089702020897020208B4
:1000C00097020208970202089702020897020208A4
:1000D00097020208698D0208AD8D02089702020896
:1000E0009702020897020208970202089702020884
:1000F0009702020897020208970202089702020874
:100100009702020897020208970202089702020863
:100110009702020897020208970202089702020853
:100120009702020897020208970202089702020843
:100130009702020897020208970202089702020833
:100140009702020897020208970202089702020823
:100150009702020897020208970202089702020813
:100160009702020897020208970202089702020803
:100170009702020897020208970202080000000096
:1001800097020208970202089702020897020208E3
:1001900097020208970202089702020897020208D3
:1001A000970202089702020897020208DFF810D0AF
:1001B00000F09EFE00480047BDB80208AFF3008083
:1001C00090F700202A4B19680868B0E8F04F80F3D8
:1001D0000988BFF36F8F4FF0000080F311887047DC
:1001E0000000000006480068006880F3088862B6D6
:1001F00061B6BFF34F8FBFF36F8F00DF00BF00BF4B
:1002000008ED00E0DFF80C00016841F470010160C6
:10021000704700BF88ED00E0EFF30980BFF36F8FF8
:10022000134B1A681EF0100F08BF20ED108A20E94A
:10023000F04F106008B44FF0500080F31188BFF306
:100240004F8FBFF36F8F0FF04DFF4FF0000080F323
:10025000118808BC19680868B0E8F04F1EF0100F4C
:1002600008BFB0EC108A80F30988BFF36F8F704726
:1002700068000020EFF305807047000006488047C3
:1002800006480047FEE7FEE7FEE7FEE7FEE7FEE77B
:10029000FEE7FEE7FEE7FEE7D9880208AD010208A7
:1002A000A0F14101192900D82030704740EA01032C
:1002B0009B0703D009E008C9121F08C0042AFAD21C
:1002C00003E011F8013B00F8013B521EF9D27047E0
:1002D000D2B201E000F8012B491EFBD27047002288
:1002E000F6E710B513460A4604461946FFF7F0FF35
:1002F000204610BD30B505462A460B4612F8010BC4
:1003000013F8014B08B1A042F8D01CB1002802D06C
:100310006D1CF1E7284630BD10B5044604E00B78AB
:1003200000F8013B03B1491C521EF8D2204610BD13
:10033000421C10F8011B0029FBD1801A704710B530
:10034000002200E0521C835C8C5CA34201D1002B94
:10035000F8D1D8B2E1B2401A10BD30B50446002041
:10036000034600E05B1C934203D2E05CCD5C401B83
:10037000F8D030BD034611F8012B00F8012B002AFC
:10038000F9D11846704730B505460020034600E015
:100390005B1C934205D2EC5CC85C201A01D1002C96
:1003A000F6D130BD0FB400B58DB010A909900B90F7
:1003B00000914FF0FF300A9000200C900548069005
:1003C000054807906A4609A80F9900F0D1FB0DB0C7
:1003D0005DF814FB8D0B0208AB0B02082DE9FF4FF3
:1003E000087883B09946FF2805D0491C2D2804D0F1
:1003F0000024002008E000200BE00124F9E700EBD6
:10040000800003EB4000491C0B78FF2BF7D104B1AF
:10041000404200230293147819461D462D2C01D02A
:100420002B2C04D1521C2D2C13D000240294AA464C
:100430001478FF2C0FD00A25A3FB057801FB05815A
:100440004FF0000C03FB0C11521CE3194AEB0101A5
:10045000EEE70124EAE7814453EA010002D019F5EE
:10046000C87F06DA03980021C0E9001107B0BDE893
:10047000F08F0025AE4E2F46DFF8B882184600F008
:10048000F7FCCDE90001B9F1000002DAC9F100047E
:1004900000E004460023A74A1AEB030B42EB045A80
:1004A00012E0E00707D02A4633463846414600F0BE
:1004B000F9F9074688462A4633461046194600F0A1
:1004C000F1F905460E466410002CEAD1DDE9000181
:1004D000B9F1000F5A46534606DA00F05AFC3A4684
:1004E000434600F056FC05E000F0DCF93A4643468E
:1004F00000F0D8F9029A0AB181F00041039AC2E9EA
:100500000001B3E72DE9FF4F1F468DB0D7E9014643
:100510004FF0FF382E2045464FF000090B90B96987
:100520006D1C0E988847396A824688470028F6D1A4
:10053000BAF1FF3F0AD024F4D064002E11DDBAF1E5
:100540002B0F08D0BAF12D0F0BD102E0404611B0AD
:100550008DE744F48064B9696D1C0E988847824623
:10056000761E6946600501D52D2000E02B208DF810
:10057000000001F1010B0DF1200809E0B9696D1CC3
:100580000E98884782460F9844F40074761E0560E2
:10059000002E02DDBAF1300FF0D00B998A453ED122
:1005A00044F0800406E00F99681CA9F1010944F4A5
:1005B00000740860B9696D1C761E0E9888478246E3
:1005C0003028F0D02BE00B998A4505D1200603D4C2
:1005D00044F08004761E18E0504608F09BFF08B3F4
:1005E0000DF11301761E44F400748B4508D2AAF174
:1005F00030000BF8010B200607D5A9F1010003E03C
:10060000200602D409F101008146A00502D50F9908
:10061000681C0860B9696D1C0E9888478246002ED8
:10062000D1DC53E0002E51DDBAF1650F02D0BAF1F2
:10063000450F4BD1A00549D5B9696D1C24F4407410
:10064000761E0E9888478246002E0CDD2B2804D09B
:10065000BAF12D0F07D144F48074B9696D1C0E985E
:1006600088478246761EE00501D52D2100E02B212A
:1006700008F8011BCDF82C8021E00DF12901761E30
:1006800044F4007488450CD2AAF1300010F0FF0049
:1006900088F8000002D10B99884509D908F10108B2
:1006A00006E0E00501D5244801E042F20F708146E2
:1006B000B9696D1C0E98884782460F980560002E18
:1006C00004DD504608F026FF0028D6D1F9690E98BF
:1006D0008847FF208BF8000088F800000020069073
:1006E00007904B466A4608A906A8FFF777FEA005C3
:1006F00002D46FF001002AE714F0240F0AD0E007BB
:1007000014D1DDE906123868031D3B600068C0E9BA
:1007100000120BE0DDE9060100F0CEFB0146E00728
:1007200004D13868021D3A600068016028460EE76F
:10073000000014400000F03FF1D8FFFF70B50646FE
:1007400008F09EFD046805460A220021304600F0AC
:100750008BFA2C6070BD2DE9FE4F804681EA0300C4
:10076000C00F0C46009021F0004123F00045B8EB8B
:100770000200A94105D24046214690461C460B4640
:10078000024623F00040104347D0270DC7F30A006C
:10079000C3F30A510290401A019040286BDAC3F368
:1007A000130040F4801B0098924620B10023D2EB46
:1007B000030A63EB0B0B01985946C0F14002504607
:1007C00000F09FF906460D4650465946019A00F042
:1007D000B7F910EB08006141002487EA115284EA5E
:1007E000E7731A4340D0009A62B3019A012A4FEA94
:1007F000075215DC001B61EB02014FF0004202EAD8
:100800000752CDE90042001C41F5801132462B46CB
:1008100000F071FA03B0BDE8F08F40462146F9E7D9
:10082000001B61EB0201001C41F5801300185B41C5
:100830002018A2F5001747EB030140EAD570B6195E
:100840006D4111E06D084FEA360645EAC0754FEA82
:100850000752001B61EB0201001C41F580114908A1
:100860004FEA30000019514132462B4603B0BDE833
:10087000F04F00F031BA0098012240000023D0EB85
:10088000020263EBE073009821464FEAE074B8EB94
:10089000000061EB0401E9E783F000435BE781F0CE
:1008A000004158E72DE9FE4F81EA030404F00044BB
:1008B00021F0004100944FF0000B23F0004350EA78
:1008C00001045ED052EA03045BD0C3F30A54C1F3BF
:1008D0000A552C44A4F2F3340194A0FB0254C1F352
:1008E000130141F48011C3F3130343F4801301FB9C
:1008F000024400FB034E840A970A44EA815447EA03
:100900008357A4FB076802958D0A05FB07854FEA0C
:10091000932C04FB0C542705029D4FEA065847EA26
:100920001637B5EB08056EEB070C870E920E47EAFB
:10093000811742EA8312A7FB0201B6EB0B0164EBBD
:1009400000042B0D43EA0C335E1844EB1C50DA46CE
:100950005146E7FB0201C5F313044FEA0B3343EAA8
:1009600014534FEA0432019C43EA0603A4F10C0439
:100970000294009CCDE900B400F0BDF903B0BDE8DD
:10098000F08F00200146F9E70EB540F233410291A5
:100990000021CDE900110A460B4600F0ACF903B086
:1009A00000BD70B5C1F30A5201F000450024C1F347
:1009B000130140F2FF3341F480119A4201DA002022
:1009C00070BD40F233439A42A2F2334203DC5242FA
:1009D00000F0A6F800E090402C43F1D0404270BDFA
:1009E000C1F30A5210B5C1F3130140F2FF3341F4D1
:1009F00080119A4201DA002010BD40F233439A423E
:100A0000A2F2334203DC524200F08AF810BD90405B
:100A100010BD000030B5041E71F1000404DB4FF07E
:100A20000044404264EB0101141E73F1000405DB35
:100A30001C464FF00043524263EB04038B4208BF55
:100A4000824230BD30B5041E71F1000404DB4FF06A
:100A50000044404264EB0101141E73F1000405DB05
:100A60001C464FF00043524263EB0403994208BF17
:100A7000904230BD30B50B460146002020220124B3
:100A800009E021FA02F59D4205D303FA02F5491B5C
:100A900004FA02F52844151EA2F10102F1DC30BD72
:100AA0002DE9F05F0546002092469B4688460646A3
:100AB000814640241BE0284641464746224600F036
:100AC0002FF853465A46C01A914110D31146184682
:100AD000224600F016F82D1A67EB01084F46224611
:100AE0000120002100F00DF817EB00094E41201EF7
:100AF000A4F10104DFDC484631462A464346BDE8FE
:100B0000F09F202A04DB203A00FA02F1002070470F
:100B10009140C2F1200320FA03F31943904070473B
:100B2000202A04DB203A21FA02F00021704721FA42
:100B300002F3D040C2F120029140084319467047A9
:100B4000202A06DBCB17203A41FA02F043EAE07391
:100B500006E041FA02F3D040C2F12002914008437E
:100B600019467047026811441378016018467047AF
:100B7000D16004495161044911620021116111469B
:100B800000F0D6B9650B02081D0F0208426842B199
:100B9000016811F8013B23B1521EC0E9001218464A
:100BA00070470121C160881E704742685AB1C3680E
:100BB000016843B983688B4205D0491E521CC0E9C5
:100BC0000012002070474FF0FF3070470FB4002331
:100BD00000B589B00CA900910B996FF00042CB6071
:100BE0001E4B06931E4B07930423CDE901321D4A89
:100BF000089202466B460020FFF784FC09B05DF8BE
:100C000014FB70B586B006464FF0FF300091CDE979
:100C10000101002015460C4604903246694604A89E
:100C2000FFF7D4FF02460498211825B108B1084601
:100C300000E020462860049800280DD0002A02DD3C
:100C40000098884208D0081B0094CDE90104324680
:100C5000694604A8FFF7BAFF06B070BD8D0B020805
:100C6000AB0B02081D0F02082DE9F04791460F4615
:100C700080460446002614F8015B2DB100F04AF9C5
:100C80000068405DC007F6D12B2D02D02D2D18D065
:100C9000641E4A463946204600F0E2FA27B1396818
:100CA000A14201D1C7F8008071054FF002040BD5B5
:100CB0004042002803DD08F0E3FA0460A007BDE825
:100CC000F08746F48066E4E70028F8DA08F0D8FAFE
:100CD00004606FF00040F2E710B5141E73F10004D9
:100CE00008DA401C41F1000192185B411A4301D11E
:100CF00020F0010010BD2DE9F04D92469B4611B148
:100D0000B1FA81F202E0B0FA80F220329046FFF7A9
:100D1000F8FE04460F4640EA0A0041EA0B0153463A
:100D20005A46084313D0114653EA010019D0C8F1BE
:100D300040025046FFF7F4FE05460E46504659461F
:100D40004246FFF7DEFE084305D0012004E02046BE
:100D50003946BDE8F08D0020054346EAE0762C4395
:100D600037430A986305E40AA0EB08000022FD0A55
:100D700044EA47540A3002D500200146E9E701055C
:100D800010196941DDE9084500196941BDE8F04DD8
:100D9000A2E72DE9F04D81EA030404F0004B21F0B5
:100DA000004514464FF0000A23F0004150EA0502C6
:100DB00020D054EA01021DD0C5F30A570246C5F3FC
:100DC0001303C1F31300C1F30A5640F4801543F432
:100DD0008013A7EB0608101BD64608F2FD3873EB0C
:100DE000050002D308F1010801E092185B41B8F157
:100DF000000F03DA00200146BDE8F08D00204FF41B
:100E00008011064684460EE0171B73EB050705D3D9
:100E1000121B63EB050306434CEA010C49084FEA39
:100E2000300092185B4150EA0107EDD152EA03000D
:100E300012D082EA040083EA0501084305D0101BA2
:100E4000AB4106D20122002306E000224FF000430E
:100E500002E06FF0010253101AEB06004CEB085150
:100E600010EB0A0041EB0B01BDE8F04DFFF734BF7A
:100E70000EB540F2334202920022CDE90022134621
:100E8000FFF739FF03B000BDC1F30A52C1F31301EC
:100E900040F2FF3341F480119A4202DA0020014609
:100EA000704740F233439A42A2F2334202DC52428C
:100EB000FFF736BEFFF725BE01F0004330B421F046
:100EC000004150EA010206D00A0DA2F56072C1F39A
:100ED0001301002A02DC30BC00207047440F44EAB2
:100EE000C104C100E01830BC00EBC25000F007BAEA
:100EF000064C074D06E0E06840F0010394E8070067
:100F000098471034AC42F6D3FFF754F9AC5C0308B1
:100F1000CC5C030800487047D058030810B504465D
:100F2000FFF7F8FF0068005D00F0010010BD000051
:100F30002DE9F34F8BB04FF0000801F10C000C4687
:100F40004FF0010B46460DF1080A0190626901213C
:100F500001989047051E2DD0252D2CD0216A884759
:100F6000C0B16269012101989047216A8847002831
:100F7000F7D1411E62690198904700E0761CA16993
:100F80000B988847216A88470028F7D1E1690B98B8
:100F90008847DBE7A1690B9888470746A84201D13B
:100FA000761CD3E7E1690B9888477F1C02D1B8F122
:100FB000000F6FD047E1002762693D46394601982E
:100FC00090472A2804D162690121019890470125A0
:100FD000DFF888926269012101989047A0F1300101
:100FE0000A290AD24F45E5DC07EB870100EB4107F0
:100FF000303FDFD445F01005ECE7E90601D46FF08F
:1010000000476C280AD04C2814D0682815D06A28CC
:101010000DD074281CD07A281AD01DE062690121F5
:10102000019890476C2802D045F0040514E045F083
:1010300002050DE045F020050AE0626901210198F2
:101040009047682802D045F0080505E045F40065A2
:101050006269012101989047C4E9015765283DD094
:1010600019DC58287AD00CDC452837D004DC252838
:1010700026D0412831D131E046282FD047282CD125
:101080002CE05B2877D0612828D063287CD06428A6
:1010900023D15AE0D1E06F2848D008DC66281DD063
:1010A00067281BD0692821D06E2816D127E0702828
:1010B00045D0732868D0752847D078280DD14DE0E9
:1010C000A1690B988847054625283FF469AFE16977
:1010D0000B9888476D1C3FF46AAFB4E023466A461C
:1010E0006FF001000B99FFF70DFA9FE045F040000B
:1010F0006060A80723464FF0000236D43EE0E807C0
:101100007FF447AF2068011D21600068290501D5E3
:1011100006701BE7290701D5068017E7A90703D545
:10112000F117C0E9006111E706600FE745F04000E4
:101130006060A80723464FF0080216D41EE040F670
:101140000E0125EA0100606016E045F04000606095
:10115000A80723464FF00A0207D40FE045F04000ED
:101160006060A80708D5234610226FF001000B9994
:10117000AFF300805AE007E0234610226FF0010031
:101180000B99AFF3008051E04FF000094F464B46FA
:10119000632802D05B2807D041E02079C00601D443
:1011A0000120A06001273AE062690121019890477F
:1011B0005E2805D14FF001096269494601989047C0
:1011C000216939B900210A46534643F82120491CB8
:1011D0000829FADBB0B3216969B9C11700EBD16204
:1011E00053110AEB830122F01F02821A01200B68BF
:1011F000904003430B6062690121019890475D288C
:10120000E8D1B9F1000F09D00020514651F8202053
:10121000D24341F82020401C0828F7DB02AB2246CD
:1012200000976FF001000B99AFF3008000280CDAF3
:10123000401C08D1BBF1000F05D04FF0FF300DB0BE
:10124000BDE8F08FFFE74046F9E7E90701D108F173
:10125000010806444FF0000B78E60000CCCCCC0C23
:101260002DE9F05F82460078002715468B460AF18B
:101270000104B946302801D09DB113E014F8010BE8
:101280000127782803D0582801D045B10AE00DB1D4
:10129000102D07D10027102514F8010B02E00825B6
:1012A00000E00A250026B0460EE005FB080005FB1D
:1012B00006F1012701EB10461FFA80F8B6F5803FD2
:1012C00000D3B94614F8010B294600F04FF8002866
:1012D000EBDABBF1000F05D00FB1641E00E05446FD
:1012E000CBF80040B9F1000F06D007F0C9FF02218A
:1012F0000160C81EBDE8F09F48EA0640FAE70029F1
:10130000A8BF7047401C490008BF20F0010070478B
:1013100010B4B0FA80FC00FA0CF050EA010404BFEB
:1013200010BC704749B1CCF1200421FA04F411FA41
:101330000CF118BF012121430843A3EB0C01CB1D85
:101340004FEA00614FEA102042BF002010BC7047F6
:1013500000EBC35010440029A4BF10BC7047401CD0
:10136000490008BF20F0010010BC70473A2800D2A5
:10137000303820F02002412A01D3A2F13700884200
:1013800001D34FF0FF30704730B58C1810F8012BA7
:1013900012F00F0301D110F8013B120906D110F829
:1013A000012B03E010F8015B01F8015B5B1EF9D132
:1013B00001E001F8013B521EFBD1A142E6D300201F
:1013C00030BD10B502F056FA0421002000F05EF89E
:1013D000322009F0F1FC0321002000F057F8002032
:1013E00000F037F8032801D0012010BD002010BD07
:1013F0002DE9FC4190460D46064600246F4604F157
:101400000A00C0B200F025F83855641CE4B2062C7E
:10141000F5D39DF800004FF00001020601D53180A0
:1014200004E09DF8012062F39F003080BDF80220A7
:10143000A8F800209DF80400420602D52980BDE8E6
:10144000FC819DF8051001F03F0161F31F10288019
:10145000F5E710B5044602F0B5FA3C2002F082FA36
:1014600002F0F0FA204602F07DFA02F0EBFA02F008
:10147000A9FA3D2002F076FA02F0E4FA002002F028
:101480003DFA044602F0BEFA204610BD70B50C4687
:10149000054602F097FA3C2002F064FA02F0D2FA14
:1014A00050B9284602F05EFA02F0CCFA204602F06B
:1014B00059FA02F0C7FA18B102F0A4FA012070BD7F
:1014C00002F0A0FA002070BDFEE7000010B588B061
:1014D0000024164800940194029403940494059403
:1014E000016841F00101016000684FF0804100F0A7
:1014F000010006900E48016041F29311C0E9011409
:10150000611EC16001F0FCFE4FF4805000906946FE
:10151000074801F01EFF049404A90548059401F052
:10152000C7FE034801F008FF08B010BD4038024074
:1015300094010020704770B586B00E00054620D09B
:1015400000F06CFA0446A819401E00F067FA00216A
:10155000001B401C00910191B5F1016F01D30221E4
:1015600000E001210291CDE903400220059000F046
:1015700093FB694601A800F0F9FA044600F044FB29
:1015800014B1002006B070BD0120FBE7002229B194
:10159000012922D0022923D04FF440720B2800D910
:1015A000001D11490B6823F440730B600B68134353
:1015B0000B600A6822F0F8020A600A68F82393FABE
:1015C000A3F3B3FA83F3984040F0020002430A60A9
:1015D000086840F48030086070474FF48072DDE79F
:1015E0004FF40072DAE70000103C02401348016833
:1015F00089050FD5016821F400710160016841F48B
:1016000000610160016821F400610160016841F43A
:1016100000710160016849050FD5016821F48061FE
:101620000160016841F480510160016821F480513A
:101630000160016841F4806101607047003C024034
:101640000D48026822F440720260026802600329B9
:101650000AD0012901680CD041F400410160016801
:1016600041F4803101607047016848F2040211437F
:10167000F4E741F00401F1E7103C0240064A136828
:1016800023F44073136013681360136843F001037D
:101690001360017070470000103C0240084910B50B
:1016A0000C6824F440740C600C6844F440740C60C2
:1016B0000C6844F001040C600260436010BD00003F
:1016C000103C0240074A136823F440731360136808
:1016D00043F480731360136843F0010313600180C7
:1016E00070470000103C0240074A136823F440731F
:1016F0001360136843F400731360136843F001032D
:101700001360016070470000103C02401F490868E8
:10171000C043C2061E4805D4C26942F01002C2612D
:1017200010220A600A68D243920605D4C26942F0C8
:101730000802C26120220A600A68D243520605D418
:10174000C26942F00402C26140220A600A68D243C0
:10175000120605D4C26942F00202C26180220A6008
:101760000A68D243D20506D4C26942F00102C261BE
:101770004FF480720A600A68D243920705D4C269A6
:1017800042F02002C2610220086070470C3C024017
:10179000D001002070B5134904460020C86100F054
:1017A00087FB0546104E09E0601C07D024B100F00D
:1017B0007FFB401BA04201D9032070BD3068C043AD
:1017C000C003F1D53068C00701D001203060316816
:1017D0004FF4F970884301D0002070BDFFF796FFE9
:1017E000012070BDD00100200C3C024070B5B3F563
:1017F000804F05D06FF0704140F82210002070BD7E
:1018000050F82230084C2340D1E9004544EA051441
:101810008D688E892D0245EA064589692C430C4363
:101820001C4340F82240E9E70000F0CFF0B50C6817
:1018300050F82450194A1540D1E90123D1E9036732
:101840001A433E4332434E6932438E693243CE6976
:1018500032430E6A32434E6A32438E6A3243CE6A54
:101860003243CE6B32430E6B32434E6B32432A43CC
:10187000082B01D142F0400240F824204A6BB2F517
:10188000801F08D10A6832B14FF480720A6104499E
:101890000268114301600020F0BD00008000E0FFFD
:1018A00000011000F0B500EB820253688E8903F04E
:1018B0004044D1E9003543EA05138D682D0245EA1D
:1018C00006452B430E8A0D4D05EB065633430E7D20
:1018D0006F0107EB066633438E693343234353603E
:1018E0000268D20207D54268098A22F4700205EB29
:1018F0000151114341600020F0BD00000000F0FFE5
:1019000030B5D1E901231A43D1E9033423431A4303
:101910004B690D681A438B691A43D1E90734012DCD
:10192000496A05686FF30E0505D01A4322430A433E
:101930002A43026008E0234329430B4341680360C4
:101940006FF30E010A434260002030BD426942EA53
:101950004101416100207047F8B514460546D1E9C0
:10196000000210438A686FF01F03C96803EB42123C
:1019700042EA412108430090286100F099FA0646A6
:1019800009E0601C07D024B100F092FA801BA0424D
:1019900001D90320F8BDA8698006F2D40020F8BD63
:1019A000F0B56FF00F05D1E9003405EB04145B1EB0
:1019B0002E0123438C682F0306EB04244FEA054CC9
:1019C00023430D8A8E8ACC68097E4FF07F4E07EB49
:1019D00005450CEB06560EEB0161012A0CD082681E
:1019E0003F1107EB043423432B43334302F070428F
:1019F0000B43134383600FE0C2682B430B4302F099
:101A000070428168134301F070422103A1F58051B7
:101A100031431143C36081600020F0BD3A498842E0
:101A200001D2002070473949884201D20120704715
:101A30003749884201D2022070473649884201D294
:101A4000032070473449884201D20420704733494B
:101A5000884201D2052070473149884201D20620D0
:101A600070473049884201D2072070472E4988428A
:101A700001D2082070472D49884201D209207047C1
:101A80002B49884201D20A207047B0F1016F01D280
:101A90000B2070472749884201D20C207047264905
:101AA000884201D20D2070472449884201D20E207D
:101AB00070472349884201D20F207047214988424C
:101AC00001D2102070472049884201D2112070476E
:101AD0001E49884201D2122070471D49884201D216
:101AE000132070471B49884201D2142070471A49BD
:101AF000884201D2152070471849884201D2162029
:101B00007047172070470000004000080080000860
:101B100000C00008000001080000020800000408DE
:101B2000000006080000080800000A0800000C0871
:101B300000000E08004010080080100800C01008C7
:101B40000000110800001208000014080000160828
:101B50000000180800001A0800001C0800001E08F9
:101B600001480068406A7047940100202DE9F04761
:101B7000044623480E46017E01290AD001218046F1
:101B800001764CF250394846FFF704FE020003D0BC
:101B900030E00220BDE8F0874FF0FF303060206871
:101BA000184F012801D0A5681DE0207C6168FFF76F
:101BB00047FD4846FFF7EEFD0246386848F204014B
:101BC0008843386014E0217C2846FFF7DFFC484654
:101BD000FFF7E0FD0200386820F0FA00386001D01D
:101BE000356005E06D1CD4E902100844A842EAD82B
:101BF000FFF7FCFC002188F818101046CAE7000027
:101C0000D0010020103C02400348016841F000412F
:101C10000160002070470000103C02402DE9F047B1
:101C20001B4E05461446307E1F468946012808D0C3
:101C3000012030764CF250384046FFF7ABFD18B12A
:101C400014E00220BDE8F0879DB1012D16D0022DD1
:101C500019D022463B464846FFF720FD4046FFF795
:101C600099FD0C490A6822F001020A6000213176D0
:101C7000E8E7E1B24846FFF701FDEFE7A1B24846C9
:101C8000FFF720FDEAE721464846FFF72DFDE5E78F
:101C9000D0010020103C024006480068002807DA06
:101CA000044805490C380160044901600020704770
:101CB00001207047103C024023016745AB89EFCDFE
:101CC0002DE9F84FDFF8A091002209F1040A0AF18A
:101CD000040B4FF00F080BF1040E01260B68964021
:101CE0003340B34271D14C68022C01D0122C11D177
:101CF000D40800EB84073D6A5407E40E08FA04FC9C
:101D000025EA0C05D1F810C00CFA04FC4CEA050CCD
:101D1000C7F820C007685400032591F804C0A54007
:101D20000CF0030CAF430CFA04FC4CEA070CC0F8AF
:101D300000C04F68012F05D0022F03D0112F01D012
:101D4000122F11D18768D1F80CC0AF430CFA04FCF4
:101D50004CEA070CC0F808C04768B7430E79C6F3D1
:101D6000001696403E434660C668AE438D68A54067
:101D70003543C5604C68E4006FD53C4C256845F49C
:101D800080452560246822F0030504F48044009413
:101D9000374C2E19D6F808789407250F08FA05F461
:101DA000A743344CA04201D100242EE0324CA04283
:101DB00001D1012429E0314CA04201D1022424E0C8
:101DC0002F4CA04202D103241FE046E02D4CA0423C
:101DD00001D1042419E02C4CA04201D1052414E0C7
:101DE0002A4CA04201D106240FE0294CA04201D187
:101DF00007240AE0274CA04201D1082405E0264C24
:101E0000A04201D1092400E00A24AC403C43C6F8BA
:101E10000848D9F800404D464E689C43F60300D56B
:101E20001C432C60DAF8004055464E689C43B603CC
:101E300000D51C432C60DBF800405D464E689C4397
:101E4000F60200D51C432C60DEF8004075464E6853
:101E50009C43B60200D51C432C60521C102AFFF490
:101E60003CAFBDE8F88F0000003C01404438024020
:101E7000003001400000024000040240000802401F
:101E8000000C024000100240001402400018024002
:101E9000001C02400020024000240240006908406B
:101EA00000D0012070470AB1816170470904FBE747
:101EB00001480068704700003C00002010B5040095
:101EC00002D0607B10B106E0012010BD002020731D
:101ED000204600F018F802206073216845F2555042
:101EE000086020684168626821F007011143416081
:101EF00020688168A2686FF30B01114381600120A3
:101F00006073002010BD70472DE9F0410446007B4E
:101F100001280AD00126267302206073FFF7C8FF4C
:101F2000054600274FF47A780BE00220BDE8F081E7
:101F3000FFF7BEFF401B404503D9032060732773A2
:101F4000F4E72068C068C0438007F1D521684AF6ED
:101F5000AA200860667327730020E7E7017B012948
:101F60000FD001210222427303684CF6CC421A6062
:101F700003684AF6AA221A604173002101730846D9
:101F8000704702207047000002480168491C016048
:101F9000704700003C0000200B4810B5016841F478
:101FA00000710160016841F480610160016841F4E1
:101FB00080710160052000F0BFF90F2000F006F8E5
:101FC00000F08AF9002010BD003C024010B5044624
:101FD00000F060FC4FF47A71B0FBF1F001F054F9BD
:101FE00000222146501E00F087F9002010BD2DE987
:101FF000F041044690F8A00015460F4601281DD078
:10200000012684F8A060022084F8A10005EB850079
:1020100000EBC50004EB800034223830FEF746F9AF
:102020002A463946204605F0AFF92068466284F812
:10203000A160002084F8A000BDE8F0810220FBE749
:1020400070B5040004D094F8A100002510B106E09A
:10205000012070BD84F8A050204600F06FF80220E7
:1020600084F8A1002068816921F070418161D4E980
:1020700001100143D4E9030210430143206882693F
:1020800011438161206882682B490A408260A08ADE
:10209000020420688368A669334313438360206881
:1020A000C2680A40C260A08B02042068C368266A26
:1020B00033431343C360206802690A400261A08C65
:1020C000020420680369A66A33431343036120684E
:1020D00042690A404261A08D010420684269236B75
:1020E0001A430A43426194F83500020294F836001C
:1020F00001042068C36A03F07F43C3622068C36A97
:1021000094F83460114333430B43C3622068416B3E
:1021100041F0040141632068416B41F002014163D9
:102120002068816941F001018161C4F8A450012057
:1021300084F8A100002070BD00F800F030B53648EA
:1021400087B00025016841F080610160006800F0FF
:102150008060059030481438016841F40001016046
:10216000016801F400010591016841F0020101607C
:10217000016801F002010591016841F02001016050
:10218000016801F020010591016841F04001016002
:10219000016801F040010591016841F08001016092
:1021A000016801F080010591016841F480710160CE
:1021B0000068032400F48070059020200090012026
:1021C000CDE90204019069461448FFF779FD4FF408
:1021D000806000900220CDE901050E20CDE903408A
:1021E00069460F48FFF76CFD4FF40C60009069469C
:1021F0000C48FFF765FD4FF47E40009069460A48A1
:10220000FFF75EFD40F2F760009069460748FFF770
:1022100057FD07B030BD00004438024000040240C2
:102220000014024000180240001C0240002002403E
:1022300070B5044690F8A0000E46012820D0012574
:1022400084F8A050022084F8A10003EB830000EB87
:10225000C30004EB800141F8386F886A3044C1E95B
:102260000102C86A1044C8601A46204605F08CF87E
:102270002068456284F8A150002084F8A00070BD59
:10228000022070BD2DE9F041044690F8A0000F46F1
:1022900001281FD0012584F8A050022084F8A10055
:1022A00003EB830000EBC30004EB80010026E1E9AF
:1022B0000E672046C1E90262C1E90A721A4605F0BA
:1022C00063F82068456284F8A15084F8A06000207B
:1022D000BDE8F0810220FBE708B50020009008BDB2
:1022E00000F01F02012191404009800000F1E02030
:1022F000C0F8001170470000F0B40E4B1B68C3F328
:102300000223C3F10704042C00D904241D1D072D4A
:1023100001D2002300E0DB1E012606FA04F56D1E43
:102320000D409D409E40761E164045EA0601F0BCD9
:1023300005F0BDBF0CED00E0064A00F00701106893
:102340004FF6FF03184040EA01200349084310609C
:10235000704700000CED00E00000FA052DE9F8439D
:102360001D48016841F0805101600068012700F0BC
:1023700080500090380490FAA0F0DFF86080B0FA46
:1023800080F048F82070FFF793FD04464FF47A750B
:10239000134E04E0FFF78CFD001BA84213D87068B1
:1023A000C003F7D54FF4003090FAA0F0B0FA80F0F7
:1023B00048F82070FFF77CFD044607E0FFF778FD42
:1023C000001BA84202D90320BDE8F883706880038F
:1023D000F4D50020F8E700004038024000000E422B
:1023E000007000402DE9F84F04460068DFF878825D
:1023F0009E4DC10747F6C07A4FF0E0464FF0010B03
:102400004FF0000901D180074BD59949C1F8689078
:10241000FFF74EFD074604E0FFF74AFDC01B6428A6
:102420007ED828680001F7D420789249C0070DD0E3
:102430009AFAAAF26068B2FA82F2904096FAA6F38B
:10244000A268B3FA83F39A401043086020788007AB
:1024500018D5086896FAA6F200F0E040B2FA82F2C7
:10246000D0406268237B920142EA036242EA007034
:102470000860D8F80010E26921F01F01521E1143D4
:10248000C8F800107A49C1F868B0FFF711FD074697
:1024900004E0FFF70DFDC01B642841D82868000147
:1024A000F7D52068410701D4000776D57049C1F8F7
:1024B0007090FFF7FDFC074604E0FFF7F9FCC01B36
:1024C00064282DD82868C0438000F6D520786A4F4C
:1024D00040074FF0706C29D5386896FAA6F100F0E5
:1024E000E040B1FA81F1C8409AFAAAF22169B2FA41
:1024F00082F291409CFAACF36269B3FA83F39A409A
:10250000114396FAA6F2B2FA82F290400143396082
:10251000D8F800106FF0FF0321F4F851226A00E0B0
:1025200079E003EB02221143C8F80010207800077D
:1025300023D538689CFAACF100F07060B1FA81F1F3
:10254000C8409AFAAAF22169B2FA82F291409CFA42
:10255000ACF2B2FA82F29040014396FAA6F2A06978
:10256000B2FA82F2904001433960D8F80010626AF2
:1025700021F440311143C8F800103D49C1F870B052
:10258000FFF796FC064604E0FFF792FC801B6428E8
:1025900041D82868C0438000F6D42078800651D501
:1025A00032484F464030016841F080510160006878
:1025B000324E00F080500090306840F480703060FF
:1025C000FFF776FC054604E0FFF772FC401B642829
:1025D00021D83068C005F7D5264E143E3068218DCD
:1025E00000F4407001F4407188422BD030682449D7
:1025F00020F44070C1F800B00F603060800710D543
:10260000FFF756FC054641F2883707E0FFF750FC1C
:10261000401BB84202D90320BDE8F88F306880071C
:10262000F4D5A06A1149C0F301220831032A13D05E
:10263000086820F4F81008603068218DC1F30B01A0
:10264000084330602078C00604D50E4994F82C0069
:10265000C1F8E0010020DFE70A680B4B22F4F81212
:10266000184002430A60E7E78C3802400038024015
:102670000000474284380240883802400070004021
:10268000400E474200104742FFFCFF0F2DE9F05F6C
:10269000DFF8F8A104460F46DAF80000DFF8F08111
:1026A00000F00F02C8B27A49814641F2883608F13B
:1026B0000808BA4261D202468AF80020DAF800001F
:1026C00000F00F00B8427DD12078800707D5D8F8F8
:1026D0000020A36822F0F0021A43C8F800202078F6
:1026E000C0072DD0606801281AD002281BD003280B
:1026F00019D009688907002964DAD8F8001047461C
:1027000021F003010143C8F80010FFF7D1FB054693
:10271000606801280FD0022818D003281CD027E0B9
:1027200009688903E7E709688901E4E7FFF7C0FB67
:10273000401BB04258D83868C0F381000128F5D159
:1027400088E0FFF7B5FB401BB0424DD83868C0F3B6
:1027500081000228F5D17DE03868FFF7A9FB401B16
:10276000B042F9D940E0FFF7A3FB401BB0423BD891
:10277000386810F00C0FF6D16CE02078800707D590
:10278000D8F80020A36822F0F0021A43C8F800200D
:102790002078C0074CD06068012828D0022829D0B2
:1027A000032827D009688907002949DAD8F80020CA
:1027B00022F003020243C8F80020FFF779FB054628
:1027C000606800E03CE001281DD0022829D00328E1
:1027D00038D0B3464646306810F00C0F28D0FFF7CB
:1027E00067FB411B5945F6D90320BDE8F09F0968F6
:1027F0008903D9E709688901D6E7FFF759FB411B2F
:10280000594502D9F0E7B34646463068C0F3810027
:102810000128F2D10CE0FFF74BFB411B594502D9CF
:10282000E2E7B34646463068C0F381000228F2D1A1
:102830008AF80090DAF8000000F00F00B84209D0E2
:102840000120D2E744462068FFF732FB401BB0422C
:10285000F9D9C9E72078400707D5D8F80010E26811
:1028600021F4E0511143C8F800102078000708D582
:10287000D8F80010226921F4604141EAC201C8F889
:1028800000100F20FFF7A2FB0020AEE7003C024043
:102890000038024010B500F043F808490968F022FA
:1028A00092FAA2F201F0F001B2FA82F2D140044AA7
:1028B000515CC8400349086010BD00000838024060
:1028C000501003082800002010B5FFF7E3FF074968
:1028D00009684FF4E05292FAA2F201F4E051B2FA20
:1028E00082F2D140024A515CC84010BD0838024013
:1028F0005010030810B5FFF7CDFF074909684FF4E2
:10290000604292FAA2F201F46041B2FA82F2D1403E
:10291000024A515CC84010BD0838024050100308FC
:1029200030B51948006810F00C01184812D0184C46
:1029300004290ED008290DD1134A121F11681368FB
:1029400001F03F015D0247F6C07304D5B4FBF1F01E
:1029500003E0204630BDB0FBF1F01168194093FA56
:10296000A3F3B3FA83F3D940484311684FF44032DC
:1029700092FAA2F201F44031B2FA82F2D140491C3B
:102980004900B0FBF1F030BD083802400024F400EB
:1029900040787D012DE9F84F04460078DFF8FCA26D
:1029A000BF4DC0074FF0000648D0DAF8001050467F
:1029B000C1F38101012908D00068C0F38100022819
:1029C0000AD1281D0068400206D52868800335D545
:1029D0006068002873D031E0DFF8C49209F1020981
:1029E00089F80060FFF764FA074641F2883804E08E
:1029F000FFF75EFAC11B41457AD828688003F7D4F7
:102A0000207989F80000606860B1FFF751FA074645
:102A100004E0FFF74DFAC11B4145EDD8286880035B
:102A2000F7D50BE0FFF744FA074604E0FFF740FA5A
:102A3000C11B4145E0D828688003F7D42078DFF82F
:102A40006492800744D5DAF80010504611F00C0F5C
:102A50004FF0F80809D00068C0F3810002280BD1BC
:102A60008E48001F0068400206D42868800714D5ED
:102A7000E068012823D110E0E068D0B10120C9F856
:102A80000000FFF715FA074604E0FFF711FAC01B34
:102A90006428B1D828688007F7D5286898FAA8F282
:102AA0002169B2FA82F220F0F800914008432860D0
:102AB0000EE0C9F80060FFF7FBF9074605E0EAE021
:102AC000FFF7F6F9C01B642812D828688007F7D4EE
:102AD0002078000725D5DFF8C4817348616908F1C3
:102AE0006C0881B101210160FFF7E2F9074605E0BA
:102AF0007EE0FFF7DDF9C01B642879D8D8F8000024
:102B00008007F6D50DE00660FFF7D2F9074604E02E
:102B1000FFF7CEF9C01B64286AD8D8F800008007F8
:102B2000F6D42078400753D55C483830016841F02E
:102B3000805101600068DFF8748100F080500090DF
:102B4000D8F8001041F48071C8F80010FFF7B0F910
:102B5000074604E0FFF7ACF9C01B642848D8D8F852
:102B60000000C005F6D5DFF834B10BF1680B8BF827
:102B70000060FFF79DF9074641F2883804E0FFF74F
:102B800097F9C11B41457ED8DBF800008007F6D4D9
:102B9000207A8BF80000A06868B1FFF789F9074632
:102BA00004E0FFF785F9C11B41456CD8DBF8000054
:102BB0008007F6D50CE0FFF77BF9074604E0FFF746
:102BC00077F9C11B41455ED8DBF800008007F6D4D9
:102BD000A069E8B3DAF80010C1F3810102295AD0E4
:102BE000022806D0C9F86060FFF762F904464DE09C
:102BF00049E04F46C9F86060FFF75AF9064604E01D
:102C0000FFF756F9801B64283DD828688001F7D467
:102C1000D4E90701084347F6C07191FAA1F1626A4D
:102C2000B1FA81F18A40A16A4FF0FF3303EB510101
:102C30004FF4403393FAA3F3B3FA83F399400A4372
:102C400010434FF0706292FAA2F2B2FA82F200E000
:102C50001FE0E16A914008431049091F0860012004
:102C60003866FFF725F9044604E0FFF721F9001B59
:102C7000642808D828688001F7D50AE0FFF718F91A
:102C8000001B642802D90320BDE8F88F2868800162
:102C9000F4D40020F8E70120F6E7000008380240ED
:102CA0000038024000004742800E4742007000405A
:102CB00070B50D46040003D094F82C0010B107E065
:102CC000012070BD002084F82D00204600F012F88D
:102CD000022084F82C00211D2068FEF711FED4E9A3
:102CE00000022946FEF75CFE012084F82C0000203B
:102CF00070BD0000304800B5016887B041F00101A7
:102D00000160006800F0010005902B480838016858
:102D100041F004010160016801F0040105910168BE
:102D200041F008010160016801F0080105910168A6
:102D300041F010010160016801F010010591016886
:102D400041F020010160016801F020010591016856
:102D500041F0400101600068694600F040000590C4
:102D60000D2000900220019001200290032003908A
:102D70000C2004901148FEF7A3FF4CF20370009062
:102D800069460F48FEF79CFF4FF683700090694636
:102D90000C48FEF795FF4FF63F00009069460A4841
:102DA000FEF78EFF48F23710009069460748FEF79D
:102DB00087FF07B000BD000038380240000802401D
:102DC000000C0240001002400014024000180240B3
:102DD00010B5044690F82C00022809D0022084F88F
:102DE0002C002068FEF7B2FD012084F82C000020A2
:102DF00010BD70B5044690F82C000D4602280CD08A
:102E0000022084F82C002068FEF7A6FD286802281E
:102E100004D0012084F82C00002070BD0520F9E7C3
:102E200070B5040004D094F85100002510B106E0FC
:102E3000012070BD84F85050204600F033F8022085
:102E400084F851002068016821F040010160D4E954
:102E500001010843D4E9031211430843616908439F
:102E6000218B01F400710843E1690843216A08439A
:102E7000A16A084321680860A069042101EA1040A2
:102E8000616A0843216848602168E06A0861206837
:102E9000C16921F40061C1616565012084F85100B8
:102EA000002070BD124800B5016887B041F02001D4
:102EB0000160006800F0200005900D4814300168A2
:102EC00041F4801101600068012100F48010059038
:102ED0004FF4607000900220CDE9010103900520BD
:102EE000049069460348FEF7EBFE07B000BD000002
:102EF00030380240001402402DE9F843044690F8AF
:102F00005100DDF82080012801D022287ED169B14E
:102F100062B15BB194F85000012877D0012784F8A2
:102F2000507094F85100012803D005E00120BDE85D
:102F3000F883322084F8510000266665A263A387D7
:102F4000E3872163A386E386A664E664A06A4FF460
:102F50000055A84209D12068016821F400510160A0
:102F60002068016841F40051016020680168490649
:102F700003D4016841F040010160E0684FF48271C0
:102F8000B0F5006F606807D0002867D088426ED126
:102F9000E08E012862D06AE020B188420CD1E08E38
:102FA000012809D1206B21680088C860206B801C33
:102FB0002063E08E401EE086E08E80B9A06AA842C1
:102FC00044D12068016841F4805101603EE02068EE
:102FD000C068A16B0880A06B801CA0639EE0434684
:102FE00000220221204605F0D9FB002874D1206B75
:102FF00021680088C860206B801C2063E08E401E22
:103000000004000CE08609D1A06A00E0C7E0A842F5
:1030100004D12068016841F48051016043460022D8
:103020000121204605F0BAFB00286FD12068C06856
:10303000A16B0880A06B801CA063E08F401EE0871E
:10304000E08E0028CBD1606800286AD14346002278
:103050000121204605F0A2FBF0BBB8E7206B411C24
:10306000216321680078C860E08E401EE086E08E13
:1030700098B9A06AA84204D12068016841F480513F
:103080000160434600220121204605F087FB18BB62
:103090002068C068A16B087040E04346002202210E
:1030A000204605F07BFBB8B9206B411C21632168E9
:1030B0000078C860E08E401E0004000CE08607D156
:1030C000A06AA84204D12068016841F480510160DF
:1030D00000224346012100E018E0204605F05EFB97
:1030E000A0B92068C168A06B421CA2630170E08F88
:1030F000401EE087E08E0028CFD1606888B9434643
:1031000000220121204605F049FB08B103200EE70B
:103110002068C168A06B421CA2630170E08F401E52
:10312000E087A06AA84210D1434600220121204630
:1031300005F034FB18B1606D40F002000FE020682C
:10314000C068ADF80000BDF80000434601228021B0
:10315000204605F023FB20B1606D40F02000606543
:10316000D4E784F8517020688168A26AC1F3001125
:10317000AA4210D179B1616D41F002016165016827
:1031800021F4005101602068016841F400510160A0
:1031900084F85060CAE684F850600020C7E6022038
:1031A000C5E670B515460E46040003D094F84900F4
:1031B00010B107E0012070BD002084F848002046CF
:1031C00000F01AF804F108012068FEF72FFB3146E1
:1031D000A2682068FEF766FBD4E901022946236B4A
:1031E000FEF704FBA168206850F8212042F001029C
:1031F00040F82120002070BD1A4800B5016887B052
:1032000041F001010160006800F0010005901548DF
:103210000838016841F008010160016801F0080107
:103220000591016841F0100101600068694600F0F5
:10323000100005904EF2B370009002200190012022
:103240000290032003900C2004900748FEF738FDFD
:103250004FF68070009069460448FEF731FD07B0D4
:1032600000BD000038380240000C0240001002404F
:103270004FF0E0210428086903D020F00400086121
:10328000704740F00400FAE710B5401EB0F1807FAF
:1032900001D3012010BD4FF0E02460610F216017C1
:1032A00005F005F80020A06107202061002010BD76
:1032B00030B590F83820012A20D0012380F838302A
:1032C000022280F839200268546824F070045460A7
:1032D000026854680D682C4354600268946824F0B6
:1032E000800494600268946849680C43946080F894
:1032F0003930002180F83810084630BD022030BD3A
:1033000010B5040003D094F8390010B107E0012093
:1033100010BD002084F83800204600F00CF8022090
:1033200084F83900211D206805F000FB012084F895
:103330003900002010BD7047022180F83910016863
:103340000A6842F001020A60012180F83910002069
:10335000704770B5044690F83800012817D0012551
:1033600084F83850022084F839002068826822F0FE
:10337000770222F47F4282600868502836D00DDC44
:10338000202858D005DC80B3102840D150E002201E
:1033900070BD302852D0402839D13EE060282DD071
:1033A00070280BD0B0F5805F03D0B0F5005F2ED150
:1033B00010E02068816821F0070109E0CB68D1E9BD
:1033C0000121206805F012FB2068816841F0770137
:1033D00081601CE0CB68D1E90121206805F006FB83
:1033E0002068816841F48041F2E71EE0CA684968BC
:1033F000206805F00DFB5021206806E0CA68496886
:10340000206805F016FB6021206805F0F9FA84F8C1
:103410003950002084F8380070BDCA6849682068B7
:1034200005F0F6FA40212068EFE700212068ECE77C
:1034300010212068E9E720212068E6E73021206894
:10344000E3E7704790F83900704738B501680446E3
:103450000868CA68C0F3000002F4807238B132B163
:10346000086848680090E06B40F00100E06308687D
:103470004A69C0F3400002F0010238B132B1086875
:1034800048680090E06B40F00400E06308684A6917
:10349000C0F3800002F0010238B132B10868486818
:1034A0000090E06B40F00200E06308684A69C0F3F6
:1034B000C00002F0010238B132B1086848680090DB
:1034C000E06B40F00800E0630868C968C0F3401092
:1034D00001F0200118B111B1204605F0BCFA2068B6
:1034E0000168C068C1F3C01100F0800019B110B1CB
:1034F000204605F0BDFB21680868CA68C0F380104B
:1035000002F04002012568B162B1CA68204622F08B
:103510004002CA6094F8391032290CD080F8395032
:1035200000F086F9E06B002804D084F8395020467A
:10353000FFF787FF38BD222180F83910F0E770B51A
:10354000040004D094F83900002510B106E00120F1
:1035500070BD84F83850204600F020F8022084F82E
:1035600039002068C16821F40051C160204605F08F
:10357000C5FA2068016921F4904101612068416920
:1035800021F02A0141612068C16841F40051C16005
:10359000E563012084F83900002070BD2DE9F04179
:1035A00004463D4A016800273C4802250726DFF80B
:1035B000F0808CB091422DD1016841F00101016091
:1035C000006800F001000A9034481430016841F0AE
:1035D00010010160006805A900F010000A90501564
:1035E000CDE9050507AA012082E861004046FEF703
:1035F00067FB6902059105A94046FEF761FB25209E
:10360000FEF76EFE032211462520FEF775FE0CB074
:10361000BDE8F081234A9142F9D1016841F00201ED
:103620000160016801F002010A91016841F00201A4
:103630000160006800F002000A901848103001682C
:1036400041F4003101600068694600F400300A90DE
:1036500004208DE8A100CDE903564046FEF730FB7B
:1036600008208DE8A100CDE9035669464046FEF7E3
:1036700027FB002206212620FEF73EFE2620FEF72D
:103680002FFE2068C16841F02001C1602068C16838
:1036900041F01001C160BAE700100140303802402B
:1036A000000002400044004090F83930012B01D066
:1036B000122B2BD131B32AB390F83830012B25D0FF
:1036C000012380F8383081628285C2850022C2637E
:1036D00090F83910122917D0222180F8391001688A
:1036E000CB6843F48073CB6001684B6943F00103FE
:1036F0004B6180F838200068C16841F02001C1604A
:1037000000207047012070473221E6E70220704711
:1037100030B50068114988420CD1114A5088010423
:1037200008D41146440409784FF0000306D50A294D
:1037300001D0538030BD40F400400DE00D2909D088
:10374000C0F30D04074D401C80B229555080C72896
:10375000EFD830BD40F48040508030BD00100140B3
:1037600048000020F00100202DE9F047044690F8C1
:10377000390099460D46012801D0222856D125B39B
:103780001AB394F83800012850D0012684F8386024
:103790000027E76394F83900222819D0122084F812
:1037A0003900A284E2844FF48058E08C4B46401EDE
:1037B000E084A0684FF0000240454FF080012046B1
:1037C00013D105F088FA08BB04E00120BDE8F087BA
:1037D0003220E4E728882168C0F3080048602069A7
:1037E00008B16D1C08E0AD1C06E005F074FA68B97C
:1037F000216815F8010B4860E08C0028D5D14B46B4
:1038000000224021204605F066FA08B10320DDE7DA
:1038100094F83900322805D084F8396084F838707B
:103820000020D3E7222084F83900F7E70220CDE713
:103830007047FEE770B50D4C0025C4F890520C4857
:10384000016821F440610160016841F48061016018
:10385000C4F89452022004F5247407F0C9FA012038
:103860002060022007F0C4FA256070BD008043424A
:10387000001C02400E4810B5016886B041F080017E
:1038800001600068012400F0800005903020CDE93F
:1038900000040220CDE9024069460648FEF710FA0E
:1038A0000548C0F89442C0F8904206B010BD000030
:1038B00030380240001C02400080434270B50D4C7D
:1038C0000026C4F890620C48016821F44061016050
:1038D000016841F4806101600125C4F8945202201E
:1038E00004F5247407F084FA2560022007F080FABA
:1038F000266070BD00804342001C02402DE9F04765
:10390000814616480024016821F440610160016885
:103910000160134E254627464FF00108C6F8907205
:10392000022007F065FAC6F890826006040ED6F809
:10393000140208B1641CE4B2012007F059FA6D1CAE
:10394000EDB2082DEAD3B9F1000F04D0FFF772FFF2
:103950002046BDE8F087FFF7B1FFF9E7001C024001
:10396000008043422DE9F04105461448016821F4E6
:1039700040610160016841F480610160104E0027E0
:10398000C6F890723C464FF00108E809C6F8940268
:103990006806050E022007F02BFAC6F89082022076
:1039A00007F026FAC6F89072022007F021FA641C8C
:1039B000E4B2082CE9D3BDE8F0810000001C02400D
:1039C0000080434270B50D48016821F440610160F8
:1039D000016841F480610160094C0120C4F894023F
:1039E000C4F89002042004F5247407F001FA0025BD
:1039F0006560042007F0FCF9256070BD001C0240E2
:103A00000080434270B50D48016821F440610160B7
:103A1000016841F480610160094C0020C4F8900203
:103A2000C4F89402042004F5247407F0E1F9012598
:103A30002560042007F0DCF9656070BD001C0240C1
:103A40000080434270B512480024016821F44061AF
:103A50000160016801600F4D0126C5F8946230468F
:103A600007F0C6F9C5F89062012007F0C1F907E038
:103A7000641CE4B2FA2C03D9FFF7C4FF012070BD27
:103A8000D5F814020028F3D1C5F8900270BD0000EB
:103A9000001C02400080434270B51B4886B00025E0
:103AA000016841F001010160016801F00101059127
:103AB000016841F004010160016801F00401059111
:103AC000016841F0800101600068032400F080007B
:103AD000059002200126CDE90204CDE90065694682
:103AE0000A48FEF7EDF8700303948DE8610069461B
:103AF0000748FEF7E5F80C20009069460548FEF7F8
:103B0000DFF806B070BD000030380240000002400F
:103B100000080240001C02402DE9F0470126304C0D
:103B20007703DFF8C080DFF8C090304D01281DD04A
:103B30002078A0B108212846FEF7B0F9C0B10421D1
:103B40002846FEF7ABF998B139464046FEF7A6F98C
:103B500070B101214846FEF7A1F9012808D00821DB
:103B60002846FEF79BF9012826D037E02670E1E7CA
:103B70000A2007F021F90020207008212846FEF7CE
:103B80008DF980B104212846FEF788F970B13946D5
:103B90004046FEF783F958B101214846FEF77EF909
:103BA000012807D01AE00120BDE8F0870220FBE7DA
:103BB0000320F9E70420F7E704212846FEF76EF911
:103BC00001280BD139464046FEF768F9012805D196
:103BD00001214846FEF762F900B926700020E3E7AC
:103BE000500000200008024000000240001C02407B
:103BF00070B50E490E4A064608881268002422B1A4
:103C00003046BDE8704003F073B94D88002145434C
:103C1000084602F0D1FF03F033F9B1B2054801E0E4
:103C20000180641CAC42FBD370BD0000480300203F
:103C300034040020000008602DE9F05F3E4C3F4D49
:103C4000A071296839B103F073F9E88A2080288BC4
:103C50006080BDE8F09F38492C252B2689884FF0DD
:103C6000F00845F210594FF4305A4FF4285B4FF4E6
:103C70002C5E2A274FF448734FF4A07C4FF4F07267
:103C800060B1A4F800C0A4F80280494532D1A4F87C
:103C900008A0A4F80AB0A4F80CE042E0A4F8008060
:103CA000A4F802C0494506D1A4F808A0A4F80AB0B7
:103CB000A4F80CE011E0A1F5C850633825810AD0C2
:103CC0006781A681A1F5A640103809D0A1F5EE4084
:103CD000963805D007E06681A78122806380F1E7EE
:103CE000A4F800C06280A1F5184006381FD12280D8
:103CF00063801CE0A1F5C85063380FD0A1F51840CF
:103D000006380BD025816781A681A1F5A640103821
:103D10000AD0A1F5EE40963806D008E025816781EB
:103D2000A68123806280F0E72280A4F802C0BDE86B
:103D3000F05F002002F06EBE480300203404002033
:103D40002DE9F041044634480D46006820B1204674
:103D5000BDE8F04103F000B9304E270A3046B18883
:103D60004089A1F5AA434FEA1528103B0FD0A1F5D1
:103D7000C853633B24D003F077F8384603F068F863
:103D8000E0B203F065F8B08903F06EF836E003F0B6
:103D90006BF8384603F05CF87089401C80B203F081
:103DA00063F8E0B203F054F8B08903F05DF84046E0
:103DB00003F04EF8B089401C80B203F055F820E0C3
:103DC000B17919B93188091B491E8CB203F04CF83E
:103DD000270A384603F03CF8E0B203F039F83846D9
:103DE00003F036F8E0B203F033F8B08903F03CF8A2
:103DF000404603F02DF8E8B203F02AF8404603F0FD
:103E000027F8E8B203F024F8054930890880881CB7
:103E10000280BDE8F0810000340400204803002047
:103E2000FEFF07602DE9F8431F46144B80460898B3
:103E30001B6833B100903B46404603F0ABF8BDE849
:103E4000F883A2EB0802521C96B20C4685B2DFF84A
:103E500030900FE02146404602F0AEFE03F010F82D
:103E60000020494602E00D80401C80B2B042FAD3E7
:103E7000641CA4B2BC42EDD9E1E700003404002088
:103E8000000008602DE9F04F95B003F021FAF84CDE
:103E900047F2897545F21036A08045F2105947F275
:103EA000967849F6060A41F6631B18B103F0CCF880
:103EB00002F03BBDEF480027016841F002010160BC
:103EC000006810A900F0020000902020109001204E
:103ED0001190129003201390E748FDF7F1FEE4489B
:103EE0004FF02041503802AA0160E449C0E90117AF
:103EF0001021C760C0E9047187610902C761C0E988
:103F000009718900C0E90B7189014763C0E90E712D
:103F100046210B910F20CDE90907CDE90207049056
:103F2000D3480F9709A908975038FFF73AF932207C
:103F300006F042FFD32002F097FF02F039FDA08087
:103F400002F036FDA08002F033FD4FF6FF7707EA5E
:103F50000020A08002F02CFDA1880843A0F51341A9
:103F6000A08041397DD0042002F07EFF02F020FDC8
:103F7000A08002F01DFDA08002F01AFD07EA0020DB
:103F8000A08002F015FDA1880843A0F50541A0809E
:103F9000523967D0A84264D0D42002F065FF02F005
:103FA00007FDA08002F004FDA08002F001FD07EAF9
:103FB0000020A08002F0FCFCA1880843A080B04251
:103FC00076D0D32002F050FF02F0F2FCA08002F085
:103FD000EFFCA08002F0ECFC07EA0020A08002F0D9
:103FE000E7FCA1880843A080404561D055214FF4EB
:103FF000704002F04FFFAA214FF2010002F04AFF89
:1040000052214FF2020002F045FF08214FF2030057
:1040100002F040FF01214FF2040002F03BFF4FF499
:10402000454002F021FF02F0C3FC07EA0020A08017
:104030004CF2015002F018FF02F0BAFCA1880843CC
:10404000A080052006F0B8FEA188494530D0D320D5
:1040500002F00AFF02F0ACFCA08002F0A9FCA080F4
:1040600001E020E020E002F0A3FC07EA0020A080AD
:1040700002F09EFCA1880843A080504518D0A120E2
:1040800002F0F2FE02F094FCA08002F091FC07EA3C
:104090000020A08002F08CFCA1880843A0F5AE416E
:1040A000A080613902D003E0A58001E0A4F804B04B
:1040B000A18873A005F094F8A088A0F513414139B8
:1040C0007ED0A8427DD1112002F0CEFE782006F0ED
:1040D00073FE362002F0C8FE002002F0B9FE3A203E
:1040E00002F0C2FE052002F0B3FEB22002F0BCFED8
:1040F0000C2002F0ADFE0C2002F0AAFE002002F01F
:10410000A7FE332002F0A4FE332002F0A1FEB72068
:1041100002F0AAFE352002F09BFEBB2002F0A4FEB6
:10412000322002F095FEC02002F09EFE0C2002F02C
:104130008FFEC22002F098FE012002F089FEC3200B
:1041400002F092FE102002F083FEC42002F08CFEEA
:10415000202002F07DFEC62002F086FE0F2002F035
:1041600077FED02002F080FEA42002F071FEA12094
:1041700002F06EFEE02002F077FED02002F068FE32
:10418000002002F065FE022002F062FE072002F02D
:104190005FFE0A2002F05CFE282002F059FE322069
:1041A00002F056FE442002F053FE422002F050FE80
:1041B000062002F04DFE0E2002F04AFE122001E021
:1041C00066E077E102F044FE142002F041FE172081
:1041D00002F03EFEE12002F047FED02002F038FE61
:1041E000002002F035FE022002F032FE072002F02D
:1041F0002FFE0A2002F02CFE282002F029FE31209A
:1042000002F026FE542002F023FE472002F020FE9A
:104210000E2002F01DFE1C2002F01AFE172002F0F4
:1042200017FE1B2002F014FE1E2002F011FE2A20B1
:1042300002F01AFE002002F00BFE002002F008FE41
:10424000002002F005FEEF2002F002FE2B2002F01B
:104250000BFE002002F0FCFD002002F0F9FD012021
:1042600002F0F6FD3F2002F0F3FD292002F0A0BA93
:10427000480300203038024000040240040100A03E
:10428000204C43442049443A25780D0A00000000A0
:10429000CF2002F0E9FD002002F0DAFDC12002F09B
:1042A000D7FD302002F0D4FDED2002F0DDFD6420CA
:1042B00002F0CEFD032002F0CBFD122002F0C8FD7B
:1042C000812002F0C5FDE82002F0CEFD852002F03D
:1042D000BFFD102002F0BCFD7A2002F0B9FDCB201A
:1042E00002F0C2FD392002F0B3FD2C2002F0B0FD37
:1042F000002002F0ADFD342002F0AAFD022002F001
:10430000A7FDF72002F0B0FD202002F0A1FDEA2079
:1043100002F0AAFD002002F09BFD002002F098FDB3
:10432000C02002F0A1FD1B2002F092FDC12002F08E
:104330009BFD012002F08CFDC52002F095FD302090
:1043400002F086FD302002F083FDC72002F08CFDD4
:10435000B72002F07DFD362002F086FD482002F0F5
:1043600077FD3A2002F080FD552002F071FDB1206A
:1043700002F07AFD002002F06BFD1A2002F068FDC9
:10438000B62002F071FD0A2002F062FDA22002F0C8
:104390005FFDF22002F068FD002002F059FD2620AA
:1043A00002F062FD012002F053FDE02002F05CFD0E
:1043B0000F2002F04DFD2A2002F04AFD282002F0D5
:1043C00047FD082002F044FD0E2002F041FD0820C8
:1043D00002F03EFD542002F03BFDA92002F038FD22
:1043E000432002F035FD0A2002F032FD0F2002F0DA
:1043F0002FFD002002F02CFD002002F029FD0020FE
:1044000002F026FD002002F023FDE12002F02CFD49
:10441000002002F01DFD152002F01AFD172002F009
:1044200017FD072002F014FD112002F011FD0620F7
:1044300002F00EFD2B2002F00BFD562002F008FDCD
:104440003C2002F005FD052002F002FD102002F0E4
:10445000FFFC0F2002F0FCFC3F2002F0F9FC3F20A3
:1044600002F0F6FC0F2002F0F3FC2B2002F0FCFC23
:10447000002002F0EDFC002002F0EAFC012002F036
:10448000E7FC3F2002F0E4FC2A2002F0EDFC0020D3
:1044900002F0DEFC002002F0DBFC002002F0D8FC81
:1044A000EF2002F0D5FC112002F0DEFC782006F0AF
:1044B00083FCDAE6B0427CD1ED2002F0D5FC01208D
:1044C00002F0C6FCFE2002F0C3FCEE2002F0CCFCA1
:1044D000DE2002F0BDFC212002F0BAFCF12002F047
:1044E000C3FC012002F0B4FCDF2002F0BDFC102070
:1044F00002F0AEFCC42002F0B7FC8F2002F0A8FC52
:10450000C62002F0B1FC002002F0A2FCE22002F082
:104510009FFCE22002F09CFCE22002F099FCBF200C
:1045200002F0A2FCAA2002F093FCB02002F09CFC56
:104530000D2002F08DFC002002F08AFC0D2002F01C
:1045400087FC002002F084FC112002F081FC002096
:1045500002F07EFC192002F07BFC002002F078FCC7
:10456000212002F075FC002002F072FC2D2002F0E8
:104570006FFC002002F06CFC3D2002F069FC002082
:1045800002F066FC5D2002F063FC002002F060FC9B
:104590005D2002F05DFC002002F05AFCB12002F028
:1045A00063FC802002F054FC002002F051FC8B20C0
:1045B00000E0FCE302F04CFC002002F049FC9620F5
:1045C00002F046FC002002F043FCB22002F04CFC5A
:1045D000002002F03DFC002002F03AFC022002F034
:1045E00037FC002002F034FC032002F031FC0020F4
:1045F00002F02EFCB32002F037FC002002F028FC71
:10460000002002F025FC002002F022FC002002F035
:104610001FFC002002F01CFC002002F019FC00200E
:1046200002F016FC002002F013FC002002F010FC47
:10463000002002F00DFC002002F00AFC002002F035
:1046400007FC002002F004FC002002F001FC002026
:1046500002F0FEFB002002F0FBFB002002F0F8FB62
:10466000002002F0F5FB002002F0F2FB002002F037
:10467000EFFB002002F0ECFB002002F0E9FB002041
:1046800002F0E6FB002002F0E3FBB42002F0ECFBBA
:104690008B2002F0DDFB002002F0DAFB962002F016
:1046A000D7FB002002F0D4FBA12002F0D1FB0020B8
:1046B00002F0CEFBB52002F0D7FB022002F0C8FBCF
:1046C000002002F0C5FB032002F0C2FB002002F034
:1046D000BFFB042002F0BCFB002002F0B9FBB620B7
:1046E00002F0C2FB002002F0B3FB002002F0B0FB9E
:1046F000B72002F0B9FB002002F0AAFB002002F074
:10470000A7FB3F2002F0A4FB002002F0A1FB5E20EB
:1047100002F09EFB002002F09BFB642002F098FB5D
:10472000002002F095FB8C2002F092FB002002F0AA
:104730008FFBAC2002F08CFB002002F089FBDC2018
:1047400002F086FB002002F083FB702002F080FB69
:10475000002002F07DFB902002F07AFB002002F0A6
:1047600077FBEB2002F074FB002002F071FBDC20F1
:1047700002F06EFB002002F06BFBB82002F074FB2D
:10478000002002F065FB002002F062FB002002F036
:104790005FFB002002F05CFB002002F059FB0020D0
:1047A00002F056FB002002F053FB002002F050FB09
:1047B000BA2002F059FB242002F04AFB002002F04C
:1047C00047FB002002F044FB002002F041FBC12027
:1047D00002F04AFB202002F03BFB002002F038FBF5
:1047E000542002F035FB002002F032FBFF2002F0E3
:1047F0002FFB002002F02CFBC22002F035FB0A2028
:1048000002F026FB002002F023FB042002F020FB34
:10481000002002F01DFBC32002F026FB3C2002F02A
:1048200017FB002002F014FB3A2002F011FB0020DD
:1048300002F00EFB392002F00BFB002002F008FB17
:10484000372002F005FB002002F002FB3C2002F0C2
:10485000FFFA002002F0FCFA362002F0F9FA0020FC
:1048600002F0F6FA322002F0F3FA002002F0F0FA39
:104870002F2002F0EDFA002002F0EAFA2C2002F0DC
:10488000E7FA002002F0E4FA292002F0E1FA002021
:1048900002F0DEFA262002F0DBFA002002F0D8FA5D
:1048A000242002F0D5FA002002F0D2FA242002F0EF
:1048B000CFFA002002F0CCFA232002F0C9FA00203F
:1048C00002F0C6FA3C2002F0C3FA002002F0C0FA5F
:1048D000362002F0BDFA002002F0BAFA322002F0CF
:1048E000B7FA002002F0B4FA2F2002F0B1FA00204B
:1048F00002F0AEFA2C2002F0ABFA002002F0A8FA87
:10490000292002F0A5FA002002F0A2FA262002F0E7
:104910009FFA002002F09CFA242002F099FA00206D
:1049200002F096FA242002F093FA002002F090FAA6
:10493000232002F08DFA002002F08AFAC42002F04F
:1049400093FA622002F084FA002002F081FA052036
:1049500002F07EFA002002F07BFA842002F078FA5E
:10496000002002F075FAF02002F072FA002002F046
:104970006FFA182002F06CFA002002F069FAA42005
:1049800002F066FA002002F063FA182002F060FAE2
:10499000002002F05DFA502002F05AFA002002F0E6
:1049A00057FA0C2002F054FA002002F051FA1720B6
:1049B00002F04EFA002002F04BFA952002F048FA7D
:1049C000002002F045FAF32002F042FA002002F043
:1049D0003FFAE62002F03CFA002002F039FAC52046
:1049E00002F042FA322002F033FA002002F030FAEC
:1049F000442002F02DFA002002F02AFA652002F08D
:104A000027FA002002F024FA762002F021FA002092
:104A100002F01EFA882002F01BFA002002F018FAB9
:104A2000C62002F021FA202002F012FA002002F043
:104A30000FFA172002F00CFA002002F009FA012008
:104A400002F006FA002002F003FAC72002F00CFA86
:104A5000002002F0FDF9002002F0FAF9002002F037
:104A6000F7F9002002F0F4F9C82002F0FDF9002067
:104A700002F0EEF9002002F0EBF9002002F0E8F974
:104A8000002002F0E5F9C92002F0EEF9002002F062
:104A9000DFF9002002F0DCF9002002F0D9F9002053
:104AA00002F0D6F9002002F0D3F9002002F0D0F98C
:104AB000002002F0CDF9002002F0CAF9002002F037
:104AC000C7F9002002F0C4F9002002F0C1F900206B
:104AD00002F0BEF9002002F0BBF9002002F0B8F9A4
:104AE000002002F0B5F9002002F0B2F9E02002F057
:104AF000BBF9162002F0ACF9002002F0A9F91C2045
:104B000002F0A6F9002002F0A3F9212002F0A0F99A
:104B1000002002F09DF9362002F09AF9002002F000
:104B200097F9462002F094F9002002F091F9522002
:104B300002F08EF9002002F08BF9642002F088F96F
:104B4000002002F085F97A2002F082F9002002F0BC
:104B50007FF98B2002F07CF9002002F079F999208E
:104B600002F076F9002002F073F9A82002F070F943
:104B7000002002F06DF9B92002F06AF9002002F07D
:104B800067F9C42002F064F9002002F061F9CA203C
:104B900002F05EF9002002F05BF9D22002F058F931
:104BA000002002F055F9D92002F052F9002002F05D
:104BB0004FF9E02002F04CF9002002F049F9F3200F
:104BC00002F046F9002002F043F9E12002F04CF92E
:104BD000162002F03DF9002002F03AF91C2002F004
:104BE00037F9002002F034F9222002F031F90020D8
:104BF00002F02EF9362002F02BF9002002F028F9FD
:104C0000452002F025F9002002F022F9522002F09E
:104C10001FF9002002F01CF9642002F019F90020AD
:104C200002F016F97A2002F013F9002002F010F9D0
:104C30008B2002F00DF9002002F00AF9992002F011
:104C400007F9002002F004F9A82002F001F9002081
:104C500002F0FEF8B92002F0FBF8002002F0F8F8AC
:104C6000C42002F0F5F8002002F0F2F8CA2002F0A9
:104C7000EFF8002002F0ECF8D22002F0E9F8002072
:104C800002F0E6F8D82002F0E3F8002002F0E0F8A5
:104C9000E02002F0DDF8002002F0DAF8F32002F064
:104CA000D7F8002002F0D4F8E22002F0DDF8052069
:104CB00002F0CEF8002002F0CBF80B2002F0C8F88A
:104CC000002002F0C5F81B2002F0C2F8002002F01C
:104CD000BFF8342002F0BCF8002002F0B9F84420FC
:104CE00002F0B6F8002002F0B3F84F2002F0B0F85E
:104CF000002002F0ADF8612002F0AAF8002002F0D6
:104D0000A7F8792002F0A4F8002002F0A1F888208A
:104D100002F09EF8002002F09BF8972002F098F82D
:104D2000002002F095F8A62002F092F8002002F090
:104D30008FF8B72002F08CF8002002F089F8C2202A
:104D400002F086F8002002F083F8C72002F080F815
:104D5000002002F07DF8D12002F07AF8002002F065
:104D600077F8D62002F074F8002002F071F8DD2008
:104D700002F06EF8002002F06BF8F32002F068F801
:104D8000002002F065F8E32002F06EF8052002F042
:104D90005FF8002002F05CF80A2002F059F80020C9
:104DA00002F056F81C2002F053F8002000E0FDE26B
:104DB00002F04EF8332002F04BF8002002F048F8E1
:104DC000442002F045F8002002F042F8502002F0A2
:104DD0003FF8002002F03CF8622002F039F8002091
:104DE00002F036F8782002F033F8002002F030F8B4
:104DF000882002F02DF8002002F02AF8972002F017
:104E000027F8002002F024F8A62002F021F8002064
:104E100002F01EF8B72002F01BF8002002F018F88C
:104E2000C22002F015F8002002F012F8C72002F0AC
:104E30000FF8002002F00CF8D12002F009F8002051
:104E400002F006F8D52002F003F8002002F000F886
:104E5000DD2001F0FDFF002001F0FAFFF32001F05A
:104E6000F7FF002001F0F4FFE42001F0FDFF012036
:104E700001F0EEFF002001F0EBFF012001F0E8FF60
:104E8000002001F0E5FF022001F0E2FF002001F028
:104E9000DFFF2A2001F0DCFF002001F0D9FF3C20D9
:104EA00001F0D6FF002001F0D3FF4B2001F0D0FF2E
:104EB000002001F0CDFF5D2001F0CAFF002001F0CD
:104EC000C7FF742001F0C4FF002001F0C1FF84205F
:104ED00001F0BEFF002001F0BBFF932001F0B8FFFE
:104EE000002001F0B5FFA22001F0B2FF002001F088
:104EF000AFFFB32001F0ACFF002001F0A9FFBE20FE
:104F000001F0A6FF002001F0A3FFC42001F0A0FFE4
:104F1000002001F09DFFCD2001F09AFF002001F05C
:104F200097FFD32001F094FF002001F091FFDD20D6
:104F300001F08EFF002001F08BFFF32001F088FFCD
:104F4000002001F085FFE52001F08EFF002001F038
:104F50007FFF002001F07CFF002001F079FF00209E
:104F600001F076FF022001F073FF002001F070FFD6
:104F7000292001F06DFF002001F06AFF3C2001F0C4
:104F800067FF002001F064FF4B2001F061FF00206B
:104F900001F05EFF5D2001F05BFF002001F058FF93
:104FA000742001F055FF002001F052FF842001F031
:104FB0004FFF002001F04CFF932001F049FF00203B
:104FC00001F046FFA22001F043FF002001F040FF66
:104FD000B32001F03DFF002001F03AFFBE2001F0B8
:104FE00037FF002001F034FFC42001F031FF002022
:104FF00001F02EFFCD2001F02BFF002001F028FF53
:10500000D32001F025FF002001F022FFDC2001F079
:105010001FFF002001F01CFFF32001F019FF00200A
:1050200001F016FFE62001F01FFF112001F010FF34
:10503000002001F00DFF342001F00AFF002001F0F4
:1050400007FF562001F004FF002001F001FF762049
:1050500001F0FEFE002001F0FBFE772001F0F8FEDB
:10506000002001F0F5FE662001F0F2FE002001F0C4
:10507000EFFE882001F0ECFE002001F0E9FE99200F
:1050800001F0E6FE002001F0E3FEBB2001F0E0FEAF
:10509000002001F0DDFE992001F0DAFE002001F091
:1050A000D7FE662001F0D4FE002001F0D1FE55208D
:1050B00001F0CEFE002001F0CBFE552001F0C8FE2D
:1050C000002001F0C5FE452001F0C2FE002001F0E5
:1050D000BFFE432001F0BCFE002001F0B9FE4420D9
:1050E00001F0B6FE002001F0B3FEE72001F0BCFEA7
:1050F000322001F0ADFE002001F0AAFE552001F0A3
:10510000A7FE002001F0A4FE762001F0A1FE002001
:1051100001F09EFE662001F09BFE002001F098FE4B
:10512000672001F095FE002001F092FE672001F05B
:105130008FFE002001F08CFE872001F089FE002008
:1051400001F086FE992001F083FE002001F080FE30
:10515000BB2001F07DFE002001F07AFE992001F0D5
:1051600077FE002001F074FE772001F071FE002030
:1051700001F06EFE442001F06BFE002001F068FE9D
:10518000562001F065FE002001F062FE232001F0B0
:105190005FFE002001F05CFE332001F059FE00208C
:1051A00001F056FE452001F053FE002001F050FEB4
:1051B000E82001F059FE002001F04AFE002001F035
:1051C00047FE992001F044FE002001F041FE8720B7
:1051D00001F03EFE002001F03BFE882001F038FE89
:1051E000002001F035FE772001F032FE002001F0B2
:1051F0002FFE662001F02CFE002001F029FE882001
:1052000001F026FE002001F023FEAA2001F020FE7E
:10521000002001F01DFEBB2001F01AFE002001F06D
:1052200017FE992001F014FE002001F011FE662007
:1052300001F00EFE002001F00BFE552001F008FEEB
:10524000002001F005FE552001F002FE002001F0D3
:10525000FFFD442001F0FCFD002001F0F9FD442099
:1052600001F0F6FD002001F0F3FD552001F0F0FD06
:10527000002001F0EDFDE92001F0F6FDAA2001F08B
:10528000E7FD002001F0E4FD002001F0E1FD002039
:1052900001F0DEFD002001F0E7FDAA2001F0D8FDBD
:1052A000CF2001F0E1FD002001F0D2FD002001F04F
:1052B000CFFD002001F0CCFD002001F0C9FD002051
:1052C00001F0C6FD002001F0C3FD002001F0C0FD8B
:1052D000002001F0BDFD002001F0BAFD002001F02A
:1052E000B7FD002001F0B4FD002001F0B1FD002069
:1052F00001F0AEFD002001F0ABFD002001F0A8FDA3
:10530000002001F0A5FD002001F0A2FDF02001F039
:10531000ABFD002001F09CFD502001F099FD002024
:1053200001F096FD002001F093FD002001F090FDBA
:10533000F32001F099FD002001F08AFDF92001F031
:1053400093FD062001F084FD102001F081FD29204D
:1053500001F07EFD002001F07BFD3A2001F084FD8C
:10536000552001F075FD112001F07EFD642005F04F
:1053700023FD292001F078FD352001F075FD002086
:1053800001F066FD512001F06FFDFF2001F060FD8E
:10539000532001F069FD2C2001F05AFD552001F049
:1053A00063FD822001F054FD01F001BA48457DD132
:1053B00055214FF4704001F06DFDAA214FF201001C
:1053C00001F068FD52214FF2020001F063FD4FF23F
:1053D00003030821184601F05DFD4FF20407012187
:1053E000384601F057FD0D214FF4304001F052FDD9
:1053F0000D214BF2010001F04DFD0D214BF2020099
:1054000001F048FD34214FF4364001F043FD3421D2
:105410004BF2016001F03EFD34214BF2026001F0DD
:1054200039FD0D214FF4314001F034FD0D214BF2D7
:10543000011001F02FFD0D214BF2021001F02AFDA9
:1054400034214FF4374001F025FD34214BF2017037
:1054500001F020FD34214BF2027001F01BFD002110
:105460004FF4324001F016FD00214BF2012001F013
:1054700011FD00214BF2022001F00CFD24214FF41C
:10548000384001F007FD24214BF6010001F002FD38
:1054900024214BF6020001F0FDFC01214FF43F40B6
:1054A00001F0F8FC0F214FF4334000E0FEE301F07F
:1054B000F1FC0F214BF2013001F0ECFC0F214BF21B
:1054C000023001F0E7FC34214FF4394001F0E2FCF6
:1054D00034214BF6011001F0DDFC34214BF60210B3
:1054E00001F0D8FC08214FF4354001F0D3FC08212D
:1054F0004BF2015001F0CEFC08214BF2025001F0BA
:10550000C9FC03214FF4424001F0C4FC24214FF4B4
:105510003A4001F0BFFC24214BF6012001F0BAFC17
:1055200024214BF6022001F0B5FC00214FF43C4051
:1055300001F0B0FC78214BF6014001F0ABFC0021FA
:105540004BF6024001F0A6FC00214FF43D4001F073
:10555000A1FC78214BF6015001F09CFC00214BF698
:10556000025001F097FC00214FF43E4001F092FC04
:1055700064214BF6016001F08DFC00214FF4514095
:1055800001F088FC33214DF2011001F083FC002171
:105590004DF2021001F07EFC34214DF2031001F0B7
:1055A00079FC00214DF2041001F074FC3A214DF217
:1055B000051001F06FFC00214DF2061001F06AFCAD
:1055C0004A214DF2071001F065FC00214DF2081050
:1055D00001F060FC5C214DF2091001F05BFC002140
:1055E0004DF20A1001F056FC81214DF20B1001F032
:1055F00051FC00214DF20C1001F04CFCA6214DF2A3
:105600000D1001F047FC00214DF20E1001F042FC9C
:10561000E5214DF20F1001F03DFC01214DF210107B
:1056200001F038FC13214DF2111001F033FC01217F
:105630004DF2121001F02EFC54214DF2131001F026
:1056400029FC01214DF2141001F024FC82214DF2BD
:10565000151001F01FFC01214DF2161001F01AFC8B
:10566000CA214DF2171001F015FC02214DF218105D
:1056700001F010FC00214DF2191001F00BFC022189
:105680004DF21A1001F006FC01214DF21B1001F041
:1056900001FC02214DF21C1001F0FCFB34214DF203
:1056A0001D1001F0F7FB02214DF21E1001F0F2FB7C
:1056B00067214DF21F1001F0EDFB02214DF2201089
:1056C00001F0E8FB84214DF2211001F0E3FB0221FF
:1056D0004DF2221001F0DEFBA4214DF2231001F067
:1056E000D9FB02214DF2241001F0D4FBB7214DF279
:1056F000251001F0CFFB02214DF2261001F0CAFB6C
:10570000CF214DF2271001F0C5FB02214DF22810E8
:1057100001F0C0FBDE214DF2291001F0BBFB02219C
:105720004DF22A1001F0B6FBF2214DF22B1001F0E0
:10573000B1FB02214DF22C1001F0ACFBFE214DF229
:105740002D1001F0A7FB03214DF22E1001F0A2FB5A
:1057500010214DF22F1001F09DFB03214DF230106E
:1057600001F098FB33214DF2311001F093FB03213E
:105770004DF2321001F08EFB6D214DF2331001F02D
:1057800089FB00214FF4524001F084FB33214DF29C
:10579000012001F07FFB00214DF2022001F07AFB95
:1057A00034214DF2032001F075FB00214DF204205D
:1057B00001F070FB3A214DF2052001F06BFB002156
:1057C0004DF2062001F066FB4A214DF2072001F060
:1057D00061FB00214DF2082001F05CFB5C214DF2E1
:1057E000092001F057FB00214DF20A2001F052FB85
:1057F00081214DF20B2001F04DFB00214DF20C20D8
:1058000001F048FBA6214DF20D2001F043FB0021E1
:105810004DF20E2001F03EFBE5214DF20F2001F08C
:1058200039FB01214DF2102001F034FB13214DF220
:10583000112001F02FFB01214DF2122001F02AFB73
:1058400054214DF2132001F025FB01214DF21420CB
:1058500001F020FB82214DF2152001F01BFB0121FC
:105860004DF2162001F016FBCA214DF2172001F06F
:1058700011FB02214DF2182001F00CFB00214DF22A
:10588000192001F007FB02214DF21A2001F002FB62
:1058900001214DF21B2001F0FDFA02214DF21C20E6
:1058A00001F0F8FA34214DF21D2001F0F3FA022143
:1058B0004DF21E2001F0EEFA67214DF21F2001F09B
:1058C000E9FA02214DF2202001F0E4FA84214DF2A0
:1058D000212001F0DFFA02214DF2222001F0DAFA54
:1058E000A4214DF2232001F0D5FA02214DF224200B
:1058F00001F0D0FAB7214DF2252001F0CBFA0221B8
:105900004DF2262001F0C6FACF214DF2272001F0FA
:10591000C1FA02214DF2282001F0BCFADE214DF23D
:10592000292001F0B7FA02214DF22A2001F0B2FA43
:10593000F2214DF22B2001F0ADFA02214DF22C2084
:1059400001F0A8FAFE214DF22D2001F0A3FA032167
:105950004DF22E2001F09EFA10214DF22F2001F081
:1059600099FA03214DF2302001F094FA33214DF2DF
:10597000312001F08FFA03214DF2322001F08AFA32
:105980006D214DF2332001F085FA00214FF4534090
:1059900001F080FA33214DF2013001F07BFA002151
:1059A0004DF2023001F076FA34214DF2033001F06D
:1059B00071FA00214DF2043001F06CFA3A214DF2F7
:1059C000053001F067FA00214DF2063001F062FA6D
:1059D0004A214DF2073001F05DFA00214DF2083006
:1059E00001F058FA5C214DF2093001F053FA002120
:1059F0004DF20A3001F04EFA81214DF20B3001F0E8
:105A000049FA00214DF20C3001F044FAA6214DF282
:105A10000D3001F03FFA00214DF20E3001F03AFA5C
:105A2000E5214DF20F3001F035FA01214DF2103031
:105A300001F030FA13214DF2113001F02BFA01215F
:105A40004DF2123001F026FA54214DF2133001F0DC
:105A500021FA01214DF2143001F01CFA82214DF29D
:105A6000153001F017FA01214DF2163001F012FA4B
:105A7000CA214DF2173001F00DFA02214DF2183013
:105A800001F008FA00214DF2193001F003FA022169
:105A90004DF21A3001F0FEF901214DF21B3001F0F8
:105AA000F9F902214DF21C3001F0F4F934214DF2E4
:105AB0001D3001F0EFF902214DF21E3001F0EAF93C
:105AC00067214DF21F3001F0E5F902214DF220303F
:105AD00001F0E0F984214DF2213001F0DBF90221DF
:105AE0004DF2223001F0D6F9A4214DF2233001F01D
:105AF000D1F902214DF2243001F0CCF9B7214DF259
:105B0000253001F0C7F902214DF2263001F0C2F92B
:105B1000CF214DF2273001F0BDF902214DF228309E
:105B200001F0B8F9DE214DF2293001F0B3F902217C
:105B30004DF22A3001F0AEF9F2214DF22B3001F096
:105B4000A9F902214DF22C3001F0A4F9FE214DF209
:105B50002D3001F09FF903214DF22E3001F09AF91A
:105B600010214DF22F3001F095F903214DF2303024
:105B700001F090F933214DF2313001F08BF903211E
:105B80004DF2323001F086F96D214DF2333001F0E3
:105B900081F900214FF4544001F07CF933214DF29A
:105BA000014001F077F900214DF2024001F072F955
:105BB00034214DF2034001F06DF900214DF2044013
:105BC00001F068F93A214DF2054001F063F9002136
:105BD0004DF2064001F05EF94A214DF2074001F016
:105BE00059F900214DF2084001F054F95C214DF2C1
:105BF000094001F04FF900214DF20A4001F04AF945
:105C000081214DF20B4001F045F900214DF20C408D
:105C100001F040F9A6214DF20D4001F03BF90021C1
:105C20004DF20E4001F036F9E5214DF20F4001F042
:105C300031F901214DF2104001F02CF913214DF200
:105C4000114001F027F901214DF2124001F022F933
:105C500054214DF2134001F01DF901214DF2144081
:105C600001F018F982214DF2154001F013F90121DC
:105C70004DF2164001F00EF9CA214DF2174001F025
:105C800009F902214DF2184001F004F900214DF20A
:105C9000194001F0FFF802214DF21A4001F0FAF824
:105CA00001214DF21B4001F0F5F800E0FCE2022179
:105CB0004DF21C4001F0EEF834214DF21D4001F090
:105CC000E9F802214DF21E4001F0E4F867214DF29F
:105CD0001F4001F0DFF802214DF2204001F0DAF818
:105CE00084214DF2214001F0D5F802214DF22240ED
:105CF00001F0D0F8A4214DF2234001F0CBF80221AD
:105D00004DF2244001F0C6F8B7214DF2254001F0D4
:105D1000C1F802214DF2264001F0BCF8CF214DF22E
:105D2000274001F0B7F802214DF2284001F0B2F807
:105D3000DE214DF2294001F0ADF802214DF22A405A
:105D400001F0A8F8F2214DF22B4001F0A3F8022156
:105D50004DF22C4001F09EF8FE214DF22D4001F055
:105D600099F803214DF22E4001F094F810214DF2E4
:105D70002F4001F08FF803214DF2304001F08AF8F6
:105D800033214DF2314001F085F803214DF23240CC
:105D900001F080F86D214DF2334001F07BF80021D5
:105DA0004FF4554001F076F833214DF2015001F0E7
:105DB00071F800214DF2025001F06CF834214DF2DF
:105DC000035001F067F800214DF2045001F062F831
:105DD0003A214DF2055001F05DF800214DF20650D8
:105DE00001F058F84A214DF2075001F053F8002114
:105DF0004DF2085001F04EF85C214DF2095001F0CF
:105E000049F800214DF20A5001F044F881214DF289
:105E10000B5001F03FF800214DF20C5001F03AF820
:105E2000A6214DF20D5001F035F800214DF20E5033
:105E300001F030F8E5214DF20F5001F02BF801216F
:105E40004DF2105001F026F813214DF2115001F0DF
:105E500021F801214DF2125001F01CF854214DF2AD
:105E6000135001F017F801214DF2145001F012F80F
:105E700082214DF2155001F00DF801214DF216501E
:105E800001F008F8CA214DF2175001F003F8022181
:105E90004DF2185000F0FEFF00214DF2195000F0B5
:105EA000F9FF02214DF21A5000F0F4FF01214DF2EA
:105EB0001B5000F0EFFF02214DF21C5000F0EAFFF2
:105EC00034214DF21D5000F0E5FF02214DF21E502D
:105ED00000F0E0FF67214DF21F5000F0DBFF0221D0
:105EE0004DF2205000F0D6FF84214DF2215000F0F9
:105EF000D1FF02214DF2225000F0CCFFA4214DF23F
:105F0000235000F0C7FF02214DF2245000F0C2FFE1
:105F1000B7214DF2255000F0BDFF02214DF2265071
:105F200000F0B8FFCF214DF2275000F0B3FF02215F
:105F30004DF2285000F0AEFFDE214DF2295000F066
:105F4000A9FF02214DF22A5000F0A4FFF2214DF2E8
:105F50002B5000F09FFF02214DF22C5000F09AFFD1
:105F6000FE214DF22D5000F095FF03214DF22E50F1
:105F700000F090FF10214DF22F5000F08BFF032115
:105F80004DF2305000F086FF33214DF2315000F0D9
:105F900081FF03214DF2325000F07CFF6D214DF264
:105FA000335000F077FF00214FF4564000F072FFAD
:105FB00033214DF2016000F06DFF00214DF20260CF
:105FC00000F068FF34214DF2036000F063FF002110
:105FD0004DF2046000F05EFF3A214DF2056000F0E2
:105FE00059FF00214DF2066000F054FF4A214DF2A6
:105FF000076000F04FFF00214DF2086000F04AFFFB
:106000005C214DF2096000F045FF00214DF20A606D
:1060100000F040FF81214DF20B6000F03BFF0021BA
:106020004DF20C6000F036FFA6214DF20D6000F03D
:1060300031FF00214DF20E6000F02CFFE5214DF202
:106040000F6000F027FF01214DF2106000F022FFE9
:1060500013214DF2116000F01DFF01214DF212607D
:1060600000F018FF54214DF2136000F013FF0121DE
:106070004DF2146000F00EFF82214DF2156000F029
:1060800009FF01214DF2166000F004FFCA214DF214
:10609000176000F0FFFE02214DF2186000F0FAFEDA
:1060A00000214DF2196000F0F5FE02214DF21A6058
:1060B00000F0F0FE01214DF21B6000F0EBFE02212A
:1060C0004DF21C6000F0E6FE34214DF21D6000F040
:1060D000E1FE02214DF21E6000F0DCFE67214DF270
:1060E0001F6000F0D7FE02214DF2206000F0D2FECA
:1060F00084214DF2216000F0CDFE02214DF222609C
:1061000000F0C8FEA4214DF2236000F0C3FE02217E
:106110004DF2246000F0BEFEB7214DF2256000F084
:10612000B9FE02214DF2266000F0B4FECF214DF2FF
:10613000276000F0AFFE02214DF2286000F0AAFEB9
:10614000DE214DF2296000F0A5FE02214DF22A6009
:1061500000F0A0FEF2214DF22B6000F09BFE022128
:106160004DF22C6000F096FEFE214DF22D6000F005
:1061700091FE03214DF22E6000F08CFE10214DF2B5
:106180002F6000F087FE03214DF2306000F082FEA8
:1061900033214DF2316000F07DFE03214DF232607B
:1061A00000F078FE6D214DF2336000F073FE552152
:1061B000381F00F06FFEAA21F81E00F06BFE52217E
:1061C000B81E00F067FE0821184600F063FE0021AB
:1061D000384600F05FFECC214FF4314000F05AFE0B
:1061E00000214BF2011000F055FE05214FF436401E
:1061F00000F050FE70214FF4374000F04BFE70214C
:106200004BF2017000F046FE01214FF4384000F0DF
:1062100041FE03214BF6010000F03CFE03214BF64A
:10622000020000F037FE03214BF6030000F032FEBF
:1062300002214FF43C4000F02DFE00214BF60140BE
:1062400000F028FE00214BF6024000F023FED02192
:106250004FF4494000F01EFE02214CF6011000F000
:1062600019FE50214CF6021000F014FE50214CF69D
:10627000031000F00FFE50214CF6041000F00AFE4F
:1062800000214FF4545000F005FE55214FF46850A2
:1062900000F000FE4FF4885000F0E6FD782004F096
:1062A000A7FD4FF4245083E240457CD1112000F03B
:1062B000DBFD782004F080FD362000F0D5FD48207D
:1062C00000F0C6FD3A2000F0CFFD552000F0C0FDE3
:1062D000F02000F0C9FDC32000F0BAFDF02000F06E
:1062E000C3FD962000F0B4FDB42000F0BDFD0120F8
:1062F00000F0AEFDB62000F0B7FD0A2000F0A8FDCA
:10630000A22000F0A5FDB72000F0AEFDC62000F0F1
:106310009FFDB92000F0A8FD022000F099FDE020CB
:1063200000F096FDC02000F09FFD802000F090FD61
:10633000162000F08DFDC12000F096FD192000F020
:1063400087FDC22000F090FDA72000F081FDC52050
:1063500000F08AFD162000F07BFDE82000F084FDAF
:10636000402000F075FD8A2000F072FD002000F052
:106370006FFD002000F06CFD292000F069FD192060
:1063800000F066FDA52000F063FD332000F060FD05
:10639000E02000F069FDF02000F05AFD072000F039
:1063A00057FD0D2000E063E000F052FD042000F0F6
:1063B0004FFD052000F04CFD142000F049FD362073
:1063C00000F046FD542000F043FD4C2000F040FD5D
:1063D000382000F03DFD132000F03AFD142000F0BD
:1063E00037FD2E2000F034FD342000F031FDE12097
:1063F00000F03AFDF02000F02BFD102000F028FD09
:10640000142000F025FD0E2000F022FD0C2000F0ED
:106410001FFD082000F01CFD352000F019FD442070
:1064200000F016FD4C2000F013FD262000F010FDBA
:10643000102000F00DFD122000F00AFD2C2000F0CD
:1064400007FD322000F004FDF02000F00DFD3C209F
:1064500000F0FEFCF02000F007FD692000F0F8FCE1
:10646000782004F0A9FC212000F0FEFCFDF7FDBE21
:1064700050457CD1FF2000F0F7FCFF2000F0E8FC45
:10648000982000F0E5FC062000F0E2FCBC2000F0C3
:10649000EBFC012000F0DCFC0F2000F0D9FC6120B7
:1064A00000F0D6FCFF2000F0D3FC012000F0D0FC6F
:1064B000012000F0CDFC0B2000F0CAFC102000F001
:1064C000C7FC372000F0C4FC632000F0C1FCFF20B3
:1064D00000F0BEFCFF2000F0BBFC012000F0B8FC87
:1064E000012000F0B5FC002000F0B2FC002000F01C
:1064F000AFFCFF2000F0ACFC522000F0A9FC012012
:1065000000F0A6FC002000F0A3FC402000F0A0FC5E
:10651000BD2000F0A9FC012000F09AFC232000F02F
:1065200097FC452000F094FC672000F091FC0120CE
:1065300000F08EFC232000F08BFC452000F088FC4E
:10654000672000F085FCBE2000F08EFC002000F0EB
:106550007FFC012000F07CFCAB2000F079FC602087
:1065600000F076FC222000F073FC222000E022E103
:1065700000F06EFC222000F06BFC222000F068FC92
:10658000222000F065FCC72000F06EFC362000F0F1
:106590005FFCED2000F068FC7F2000F059FC0F202C
:1065A00000F056FCC02000F05FFC0F2000F050FC13
:1065B0000B2000F04DFC0A2000F04AFCFC2000F00B
:1065C00053FC082000F044FCDF2000F04DFC0020CC
:1065D00000F03EFC002000F03BFC002000F038FC06
:1065E000002000F035FC002000F032FC202000F0FC
:1065F0002FFCF32000F038FC742000F029FCB420BC
:1066000000F032FC002000F023FC002000F020FC11
:10661000002000F01DFCF72000F026FC822000F096
:1066200017FCB12000F020FC002000F011FC13202A
:1066300000F00EFC132000F00BFCF22000F014FC24
:10664000802000F005FC042000F002FC402000F057
:10665000FFFB282000F0FCFBC12000F005FC172008
:1066600000F0F6FB882000F0F3FB882000F0F0FB40
:10667000202000F0EDFBE02000F0F6FB002000F011
:10668000E7FB0A2000F0E4FB122000F0E1FB102001
:1066900000F0DEFB0E2000F0DBFB202000F0D8FB3A
:1066A000CC2000F0D5FB072000F0D2FB062000F044
:1066B000CFFB0B2000F0CCFB0E2000F0C9FB0F201D
:1066C00000F0C6FB0D2000F0C3FB152000F0C0FB5E
:1066D000102000F0BDFB002000F0BAFBE12000F02C
:1066E000C3FB002000F0B4FB0B2000F0B1FB132033
:1066F00000F0AEFB0D2000F0ABFB0E2000F0A8FB7D
:106700001B2000F0A5FB712000F0A2FB062000F08A
:106710009FFB062000F09CFB0A2000F099FB0F2055
:1067200000F096FB0E2000F093FB0F2000F090FB92
:10673000152000F08DFB0C2000F08AFB002000F0FB
:1067400087FB2A2000F090FB002000F081FB002056
:1067500000F07EFB012000F07BFBDF2000F078FBE7
:106760002B2000F081FB002000F072FB002000F0E5
:106770006FFB032000F06CFB1F2000F069FB3A2048
:1067800000F072FB552000F063FB362000F06CFB3C
:10679000002000F05DFB112000F066FB782004F083
:1067A0000BFB292000F060FB142004F005FB2C20DB
:1067B00000F05AFBB9E05845FCD1E22000F054FB50
:1067C0001D2000F045FB022000F042FB042000F0F9
:1067D0003FFB642004F00CFBE02000F045FB0120AF
:1067E00000F036FB0A2004F0E7FAE02000F03CFB62
:1067F000032000F02DFB0C2004F0DEFA012000F055
:1068000033FB0A2004F0D8FAE62000F02DFB2F20FD
:1068100000F01EFBFF2000F01BFBFF2000F018FB28
:10682000B02000F021FB202000F012FB002000F03F
:106830000FFB032000F00CFB40F21F3000F008FBC0
:10684000012000F005FB40F2DF1000F001FB00200A
:1068500000F0FEFAB42000F007FB042000F0F8FA84
:1068600040F21F4000F0F4FA002000F0F1FA2E2070
:1068700000F0EEFA002000F0EBFA002000F0E8FA59
:10688000002000F0E5FA002000F0E2FAB62000F067
:10689000EBFA022000F0DCFA4FF4037000F0D8FAB3
:1068A000002000F0D5FA172000F0D2FA152000F0F1
:1068B000CFFA002000F0CCFA002000F0C9FAF02056
:1068C00000F0D2FA032000F0C3FA292000F0CCFA3D
:1068D000D02000F0C9FA002000F0BAFABE2000F083
:1068E000C3FA052000F0B4FAFE2000F0B1FA01204E
:1068F00000F0AEFA002000F0ABFA002000F0A8FA99
:10690000002000F0A5FAB82000F0AEFA032000F055
:106910009FFA012000F09CFABA2000F0A5FA0120AD
:1069200000F096FA642000F04DF8A088A0F513411D
:1069300041390BD0B04209D0484507D0584505D061
:10694000A84203D0404501D0504519D14FF0204016
:10695000D0F8041121F00F01C0F80411D0F804118F
:1069600021F47061C0F80411D0F8041141F0050160
:10697000C0F80411D0F8041141F4A061C0F804116A
:106980000020FDF759F905490120C1F894024FF69E
:10699000FF70FDF72DF915B0BDE8F08F0080404283
:1069A0000346012000E05843491EC9B2FBD270479C
:1069B000034808B50088ADF80000BDF8000008BD28
:1069C0000000086010B50246BE2000F04DFA052018
:1069D00000F03EFA1046F9F7D7FF9FED0C1B53EC81
:1069E000112BF9F75FFFF9F7FBFF80B200F030FAE7
:1069F000012000F02DFAFF2000F02AFA002000F01C
:106A000027FABDE81040002000F022BA66666666EC
:106A10006666044070B5674C00232146A2798988D8
:106A200041F66315012A01D01AB11BE0A94202D137
:106A300018E0A94216D1082814D2DFE800F00406B5
:106A4000080A0C0E101206200CE007200AE00420B1
:106A500008E0052006E0012004E0002002E0032019
:106A600000E00220082812D2DFE800F01104060836
:106A70000A0C0E1080230AE0402308E0C02306E041
:106A8000202304E0602302E0A02300E0E02336207E
:106A900045F21056B14200D10002A1F51342413A2D
:106AA00007D0A1F5EE42893A03D0A1F5EE42963A1D
:106AB00001D143F00803194600F0ECF9A288AA427C
:106AC0000AD098062088618802D5884202D303E064
:106AD000884201D9218060806089B24240D100F0B3
:106AE000C3F9002000F0B4F96089401C80B200F0C6
:106AF000BBF9002000F0ACF96089801C80B200F086
:106B0000B3F92088401EC0F30F2000F0A1F960897E
:106B1000C01C80B200F0A8F92078401EC0B200F07E
:106B200097F9A08900F0A0F9002000F091F9A08960
:106B3000401C80B200F098F9002000F089F9A0898B
:106B4000801C80B200F090F96088401EC0F30F20D6
:106B500000F07EF9A089C01C80B200F085F921E028
:106B600000F082F9002000F073F9002000F070F9C5
:106B70002088401EC0F30F2000F06AF92078401EE4
:106B8000C0B200F065F9A08900F06EF9002000F0B5
:106B90005FF9002000F05CF96088401EC0F30F2010
:106BA00000F056F9A078BDE87040401EC0B200F079
:106BB0004FB9000048030020F0B53A4D0C4602469C
:106BC000060AA9882846270A4089A1F5C853633BCD
:106BD00016D0A1F5AA43103B4BD000F045F9304642
:106BE00000F036F9D0B200F033F9A88900F03CF992
:106BF000384600F02DF9E0B2BDE8F04000F028B9C9
:106C0000A97929B300F030F9304600F021F9D0B26B
:106C100000F01EF92888401EC0F30F2000F018F97C
:106C20002878401EC0B200F013F9A88900F01CF9C2
:106C3000384600F00DF9E0B200F00AF96888401E0D
:106C4000C0F30F2000F004F9A878401EC0B2D3E7CB
:106C50002988891A491E8AB200F006F9002000F03E
:106C6000F7F8002000F0F4F8100A00F0F1F8D0B2C4
:106C7000D9E700F0F9F8304600F0EAF86889401CDE
:106C800080B200F0F1F8D0B200F0E2F8A88900F08C
:106C9000EBF8384600F0DCF8A889401C80B200F020
:106CA000E3F8A8E7480300202DE9F84F82461F4685
:106CB0000E468B46580700D0012000EBD70079081C
:106CC00010FB01F0203AC0B202F0FF09002500904D
:106CD00047E00C2F10D0102F12D0182F14D0202FD7
:106CE00042D1224901EBC9104FF00008445D200653
:106CF00010D51F48026811E009EB49001D4906E064
:106D00001D4901EB0910EFE71C4909EBC90001EB34
:106D10008000E9E70A9828B915484268314650468C
:106D2000FDF70EF86006040E1548761CB6B24088D2
:106D3000B04219D9A6EB0B00B84209D10AF1010003
:106D40001FFA80FA0E485E46018851450CD906E0CC
:106D500008F1010000F0FF08B8F1080FC7D36D1C5F
:106D6000EDB200988542B4D3BDE8F88F202803081F
:106D70005400002060100308D4140308C41A030848
:106D8000480300202DE9FF4F81B00027DDF838B01F
:106D90001D46924680463C46B9464FEA5B0627E0D0
:106DA000281B401EC1B20A20FFF7FAFDBAFBF0F023
:106DB0000A21B0FBF1F201FB120027B9691E8C42D7
:106DC00001DA48B101273030C2B206FB048080B23C
:106DD0005B46CDF8009006E006FB048080B25B467F
:106DE0002022CDF800900299FFF75EFF641CE4B208
:106DF000AC42D5D305B0BDE8F08F2DE9F84F04467D
:106E000000F0FF0810190D46DDE90A761FFA80FA36
:106E100058191FFA80F94FF0000B11E0544502D3C6
:106E2000E819444685B24D450FD23B4629462046D7
:106E3000CDF800B0FFF738FF04EB570084B2761CA2
:106E40003278A2F120005E28E8D9BDE8F88F000072
:106E500001B5BDF80000ADF80000BDF80000014923
:106E6000088008BD0000086001B5BDF80000ADF85D
:106E70000000BDF800000149088008BDFEFF076062
:106E80000248034900890880704700004803002039
:106E9000FEFF0760024A1080901C018070470000CE
:106EA000FEFF0760104810B5016886B041F002018E
:106EB00001600068012100F0020005900320CDE987
:106EC0000210CDE90001094C69462046FAF7F8FEA8
:106ED000012211462046FAF7E6FF01220221204650
:106EE000FAF7E1FF06B010BD30380240000402405E
:106EF00008B500900548018BC08A491E8BB2401E20
:106F000082B20021084600F045F808BD3404002094
:106F100000B58DB00823099204900093069168464D
:106F2000FBF760FA002800D001200DB000BD000082
:106F300010B5084B1C465875A1888AB2218889B2C1
:106F400020B1012801D1D9821A8310BDDA821983B8
:106F500010BD000034040020F0B50C4F94B23D4643
:106F6000DFF82CC02B68EA692D7D7E7D5CF825500A
:106F700026B103FB01004243AC52F0BD7E68301ADB
:106F8000401E03FB001050432C52F0BD340400207F
:106F90005C0000202DE9F843274EDDF82090002406
:106FA000757D0DB1054606E077680D46B91A1A469B
:106FB0003B1A491E5B1E306896F814C0DFF87C80CF
:106FC000521B871A58F82CC0F66900FB015006FBCB
:106FD00000C51B487F1EBFB2066846F40006066067
:106FE000006800F4000000901648066826F00106CC
:106FF00006604FF440360660022646630764C563A8
:10700000591AF30303EB0242491C11434164C0F8CF
:107010003890016841F0010101605A0102E0641CEE
:10702000944202D241688907F9D5816841F0020192
:107030008160BDE8F8830000340400205C0000207B
:107040003038024000B002402DE9FF5F00F040F907
:1070500004460126784DA0F586404FF4F0714FF0BC
:10706000280941F2180A423847D03204A4F5E04317
:107070004FF448704FF4C67B843B50D003238C27D9
:10708000A4F5E04C4FF4B47EBCF1160C54D0A4F53A
:10709000E0484FF4A06CB8F118085DD0A4F5804822
:1070A000B8F561785BD054450CD1C5E900C0AF811B
:1070B0000A2028822881E88168826B81022170463B
:1070C000FFF726FF5D482A685E4F028069684180AD
:1070D0000220E8615A48386057485B4BA8384FF0A7
:1070E0000008C0E90038C0F80880C0F80C8054459A
:1070F00045D14FF08053036143E04FF48870C5E9F8
:1071000000102E816E810820A5F80C90E8810521E1
:1071100029828203688204214FF49070D0E7C5E988
:1071200000012E816E812E20A8811720E881D220B7
:107130002882162068821FE04FF4806028604FF498
:1071400016706860142028816B81AF81E881A020CF
:1071500028820C206882B1E7C5E900C0B2E7C5E922
:1071600000015820A881A5F8109030202881202007
:10717000E8810D2068826B8103215846A0E7C0F8A2
:1071800010802C89631E43616B89A3F1010CC0F848
:1071900018C0B5F80CC06444A4F1010CC0F81CC0C0
:1071A000B5F80EC06344A3F1010CC0F820C0A2F1F1
:1071B000010CA444C0F824C0A1F1010C9C44C0F807
:1071C00028C0B5F810C062442244521EC2626A8AC6
:1071D00011441944491E016380F8368080F83580D7
:1071E00080F834801448A838FAF72AFF07200621CF
:1071F000CDE90208CDE90081FF2302220020396891
:1072000000F026F8A888002280B200902888114655
:1072100083B2104600F04AF80020FFF789FE0B48C1
:1072200085F81480C0F8946204B04FF0FF30BDE8D8
:10723000F05FFFF75DBE000034040020480300202B
:10724000000000C05C000020006801400080404257
:107250002DE9F0438DB0164614AA002492E880135D
:10726000114D009402942A6801926D68CDE904637F
:107270004FEA0823CDE9067303954FEA09230DF180
:10728000240E08938EE8260002468DF83240064808
:107290008DF831408DF830C06946A838FAF7A7FE5E
:1072A0000DB0BDE8F08300003404002070B51E4628
:1072B000044603460548049DFAF7BAFF23462A46CA
:1072C0003146BDE870400148FAF7DCBF8C0300206E
:1072D00030B52A4887B00021026842F040020260BF
:1072E000026802F040020592026842F48072026075
:1072F0000068234C00F4807005904020CDE9000127
:10730000012002900320039069462046FAF7D8FC3A
:1073100084201C4D009069462846FAF7D1FC402194
:107320002046FAF7BBFD044604212846FAF7B6FDCD
:1073300044EA400480212846FAF7B0FD44EA800080
:10734000C0B2062817D2DFE800F003070A0D1013B9
:1073500044F2423007B030BD47F28400FAE747F20A
:107360001600F7E747F21800F4E744F28430F1E73B
:1073700041F21800EEE70020ECE700003038024050
:107380000018024000200240F0B504688B88E568D0
:10739000C5F30B452B441D04882303EBC213E658A9
:1073A00006F47046E65004680F68E668C6F30B46BC
:1073B000761C3E442E43E65003688C89DD68C5F395
:1073C0000A052C4425048C2404EBC2141E5906F42F
:1073D00070461E5103688F68DE68C6F30A06761C85
:1073E0003E442E431E519423046803EBC213E55818
:1073F00025F00705E55005680C69EC5091F831302F
:1074000005681F0291F832301C040B7E1E069C2377
:1074100003EBC21355F803C04FF0000C45F803C04E
:1074200091F8305034433D4325430468E550982398
:10743000046803EBC213E55825F0FF05E550056825
:107440004C69EC50A023046803EBC213E55840F2EA
:107450000776B543E550D1E907452C430568EC5064
:10746000AC23046803EBC213E55844F803C0056875
:107470004C6AEC500B698BB3012B32D0042B32D009
:10748000022B30D0032B2ED0072B2CD00123B0247D
:10749000056804EBC2142E5906F0E0262E51D1E9FE
:1074A0000065AD1B0E8D5D435E43ED1C45EA064352
:1074B00005682B51B423046803EBC213E5586FF33E
:1074C0000A05E5500468C96AE1500068842101EBAF
:1074D000C211425842F001024250F0BDFFE70423BE
:1074E000D5E70323D3E70223D1E7F0B500242346F1
:1074F0000BE0CD181B1DAF782E88ED7867F31F4683
:1075000046EA056540F82450641C9342F1D3F0BD6F
:1075100070B500231C4611E011F82350055531F8D1
:1075200023502E0A05196E7051F82360360CAE7088
:1075300051F823605B1C360EEE70241D9442EBD391
:1075400070BD00007CB5054600880E46C0F3C5003E
:10755000382802D2C0F1380401E0C0F178040822D2
:1075600029466846FFF7D4FF22460849284600F01E
:107570007BFB08226946284600F076FB102205F1C5
:1075800008013046FFF7C4FF7CBD00001401002055
:10759000002101604160054981600549C1600349DE
:1075A000C94301610249C9434161704701234567ED
:1075B00089ABCDEF2DE9F0410446C0B054F8048BFF
:1075C000402294E8E0006846241FFFF78EFF05EA9A
:1075D000060027EA05010843FE49009B014403EB2E
:1075E0000800084405EB706000EA050126EA000285
:1075F0001143F94A1144019A3A44114400EB3151C4
:1076000001EA000225EA01073A43F44F3A44029F97
:107610003E44324401EBF23202EA010620EA02075C
:107620003E43EF4F3E44039F3D44354402EBB525B6
:1076300005EA020621EA05073E43EA4F3E44049F5D
:107640003844304405EB706000EA050622EA000782
:107650003E43E54F3E44059F3944314400EB3151F0
:1076600001EA000625EA01073E43E04F3E44069F3B
:107670003A44324401EBF23202EA010620EA020700
:107680003E43DB4F3E44079F3D44354402EBB52566
:1076900005EA020621EA05073E43D64F3E44089F0D
:1076A0003844304405EB706000EA050622EA000722
:1076B0003E43D14F3E44099F3944314400EB3151A0
:1076C00001EA000625EA01073E430A9FA6F5244683
:1076D0003A444F3E324401EBF23202EA010620EA1C
:1076E00002073E43C54F3E440B9F3D44354402EBE9
:1076F000B52505EA020621EA05073E43C04F3E4490
:107700000C9F3844304405EB706000EA050622EA1D
:1077100000073E43BB4F3E440D9F3944314400EBCC
:10772000315101EA000625EA01073E43B64F3E44C7
:107730000E9F3A44324401EBF23202EA010620EA9B
:1077400002073E43B14F3E440F9F3D44354402EB98
:10775000B52505EA010622EA01073E43AC4F3E4447
:10776000019F3844304405EBF06000EA020625EA48
:1077700002073E43A74F3E44069F3944314400EB85
:10778000F15101EA050620EA05073E43A24F1D44D8
:107790003E440B9F3A44324401EBB24202EA0006F7
:1077A00021EA00073E439D4F3E44354402EB353508
:1077B00005EA010622EA01073E43994F3E44059F30
:1077C0003844304405EBF06000EA020625EA02077F
:1077D0003E43944F3E440A9F3944314400EBF151FB
:1077E00001EA050620EA05073E438F4F3E440F9FFE
:1077F0003A44324401EBB24202EA000621EA0007B1
:107800003E438A4F3E44049F3D44354402EB3535A8
:1078100005EA010622EA01073E43854F3E44099FDF
:107820003844304405EBF06000EA020625EA02071E
:107830003E43804F3E440E9F3944314400EBF151AA
:1078400001EA050620EA05073E437B4F3E44039FBD
:107850003A44324401EBB24202EA000621EA000750
:107860003E43764F3E44089F3D44354402EB353558
:1078700005EA010622EA01073E43714F3E440D9F8F
:107880003844304405EBF06000EA020625EA0207BE
:107890003E436C4F3E44029F3944314400EBF1516A
:1078A00001EA050620EA05073E43674F3E44079F6D
:1078B0003A44324401EBB24202EA000621EA0007F0
:1078C0003E43624F3E440C9F3D443544059E02EBCF
:1078D0003535064485EA02005D4F4840384430445F
:1078E000089E05EB30700E4480EA0501594F514067
:1078F000394431440B9E00EB7151164481EA000279
:10790000554F6A403A44324401EB32460E9A534F87
:10791000154486EA010242403A442A44019D06EB9E
:107920007222054482EA06004D4F484038442844FC
:10793000049D02EB30700D4480EA0201494F714012
:107940003944294400EB715707998D1987EA0001E2
:10795000454E51403144294407EB31450A99434E85
:107960000A4485EA07014140314411440D9A05EB70
:107970007121024481EA05003D4E784030441044B4
:1079800001EB3070DE1980EA01023A4F6A403A4456
:107990003244039E00EB72522E4482EA0005364FB9
:1079A0004D403D443544069E02EB35450E4485EA84
:1079B0000201324F414039443144099E05EB7121A7
:1079C000064481EA05002E4F50403844304401EB14
:1079D000307057E078A46AD756B7C7E8DB70202428
:1079E000EECEBDC1AF0F7CF52AC68747134630A83F
:1079F000019546FDD8988069AFF7448BBED75C8966
:107A00002211906B937198FD8E4379A62108B44999
:107A100062251EF640B340C0515A5E26AAC7B6E999
:107A20005D102FD65314440281E6A1D8C8FBD3E7DA
:107A3000E6CDE121D60737C3870DD5F4ED145A45BD
:107A400005E9E3A9F8A3EFFCD9026F678A4C2A8DF8
:107A50004239FAFF81F6718722619D6D0C38E5FD90
:107A600044EABEA4A9CFDE4B604BBBF670BCBFBEE0
:107A7000C67E9B28FA27A1EA8530EFD4051D88042D
:107A800039D0D4D90C9E654F164480EA01026A4071
:107A90003A44324400EB72560F9A614F154486EA1D
:107AA00000024A403A442A44029D06EB32420D4409
:107AB00082EA06015B4F41403944294402EB7121BF
:107AC000034461EA0600584D504028441844079B7F
:107AD00001EBB0609D1960EA0203544E4B40334401
:107AE0002B440E9D00EBB353154463EA0102504E44
:107AF000424032442A44059D03EB72420D4462EA3F
:107B000000014C4E5940314429440C9D02EBF121B7
:107B1000054461EA0300484E504030442844039D28
:107B200001EBB0601D4460EA0203444E4B40334415
:107B30002B440A9D00EBB353154463EA0102424013
:107B40003F4E32442A44019D03EB72420D4462EAE7
:107B500000013C4E594031442944089D02EBF1217B
:107B6000054461EA0300384E5040304428440F9DDC
:107B700001EBB0601D4460EA0203344E4B403344D5
:107B80002B44069D00EBB353154463EA0102304ECB
:107B9000424032442A440D9D03EB72420D4462EA96
:107BA00000012C4E594031442944049D02EBF1213F
:107BB000054461EA0300284E5040304428440B9DA0
:107BC00001EBB0601D4460EA0203244E4B40334495
:107BD0002B44029D00EBB353154463EA0102204E8F
:107BE000424032442A44099D03EB72420D4462EA4A
:107BF00000011C4E594031442944256802EBF12113
:107C000028442060606808446060A0681044A06058
:107C1000E0681844E06040B0BDE8F081E599DBE63B
:107C2000F87CA21F6556ACC4442229F497FF2A436E
:107C3000A72394AB39A093FCC3595B6592CC0C8FFE
:107C40007DF4EFFFD15D84854F7EA86FE0E62CFECA
:107C5000144301A3A111084E827E53F735F23ABDB9
:107C6000BBD2D72A91D386EB2DE9F04704461546BF
:107C700022680F46C2F3C50102EBC5020020226054
:107C8000B2EBC50F6268C1F1400801D2521C6260BC
:107C900002EB55726260454518D36018424639467A
:107CA0001830F8F703FB04F1080004F118018146CD
:107CB000FFF780FC404604E039184846FFF77AFC9D
:107CC000304600F14006AE42F6D900212A1A3B1890
:107CD0006018BDE8F04719461830F8F7E7BA2DE903
:107CE000FC41074600240E4625466846009207F0F0
:107CF00003FA0146204661F307000009022819D162
:107D000001A9009800F0B8F80099054608440199C7
:107D100000900144081A02280CDB684607F0ECF9D1
:107D200060F3070404F001003870684607F0E4F9D6
:107D3000307001252846BDE8FC812DE9FC5F8046B6
:107D4000DDE90EA00024CDE90004994617460E4651
:107D50002546DDF834B0684607F0CEF960F3070435
:107D6000200903282CD1C4F3C00188F80010C4F303
:107D70004100306004F00100387001A9009800F063
:107D80007BF8009905460844019900904418224662
:107D900069460C9807F0BFF990B10098201A0FD4EB
:107DA0003068002804DD684607F0ACF9A9F8000047
:107DB0000098211ACAF8001000990125CBF800108C
:107DC0002846BDE8FC9F2DE9FC4782464FF000099C
:107DD0000A9800901E46144688464D464F4668460F
:107DE00007F08AF960F307052809092826D101A9B7
:107DF000009800F041F80099074608440199009066
:107E00004518281A022819DB684607F07BF9AAF8FA
:107E10000000C4F800900DE02168414502DD4FF0FC
:107E2000FF370BE0684607F067F921688A00491CB4
:107E30002160B0500098A842EED301273846BDE833
:107E4000FC87F8B5012400250E4607460D606D1C21
:107E5000042D0FDC01216846B84701280AD19DF89E
:107E60000000316800F07F0202FB0411E401316080
:107E70000006ECD42846F8BD024A10600248FFF71D
:107E8000E0BF00000401002011A4020810B5044660
:107E90000020CA1701EB526323F07F02891ACAB28D
:107EA000D911002901DD42F08002225400F10100C5
:107EB000EFDC10BD401C802801DA401C7047B0F593
:107EC000804F01DA801C70470349884201DAC01CE8
:107ED0007047001D70470000FFFF1F002DE9F843A9
:107EE00000258846164604464FF0FF3701210095CD
:107EF000B047012816D169463046FFF7A2FF601C43
:107F00000099FFF7C3FF0099401C0B18434509DC9B
:107F100021B12044B0470099884203D1207860F312
:107F200007052F093846BDE8F883F8B50024069EFA
:107F300005460090042901DAA01EF8BD62F307147B
:107F400063F3C304062A24F0060200D1921CD1B2C6
:107F5000684608F047FA02210098FFF797FF00995A
:107F6000084400903146684608F042FA0098401BE9
:107F7000F8BD00002DE9F8430646009088461446F7
:107F80000025104600F082F88146FFF793FF404538
:107F900002DDA81EBDE8F8832F46394667F30701C6
:107FA0006846103108F01EFA49460098FFF76EFF48
:107FB000009908440090207A04281DD02FA168461B
:107FC00008F0FCF90321684608F00CFAA07E67F37C
:107FD000070560F34105E07E08B145F00405680738
:107FE00007D594F83D0060F3C40594F83C0060F3B5
:107FF0004515206C40B905E022A1684608F0DEF97D
:108000000421E0E7A06C08B145F08005E06C08B9F8
:10801000606D08B145F040052946684608F0E2F970
:10802000218B684608F0E4F904F10C0168460EC99A
:1080300008F0EDF9E07E68B12434684694E80E005B
:10804000243C08F0E4F93034684694E80E00303CF3
:1080500008F0DDF9280605D504F1400168460EC98F
:1080600008F0D5F9680605D54C34684694E80E004A
:1080700008F0CDF90098801B8CE700004D51497342
:10808000647000004D5154540000000070B5044667
:10809000007A0025032802D0042802D002E00C2533
:1080A00000E00A2504F10C0007C800F0F7F80544C9
:1080B000E07EAD1C78B1243494E80700243C00F045
:1080C000EDF83034064694E80700303C00F0E6F85E
:1080D000304405442D1D206C08B9A16C29B1D4E9A8
:1080E000111200F0DBF80544AD1CE06C08B9616DBD
:1080F00029B1D4E9141200F0D1F80544AD1C28468A
:1081000070BD0E2200F0B1B80C2200F0AEB82DE91F
:10811000FC5F1C46129ECDE90060DDF838B0904649
:10812000DDF830A0DDE90F23894605465946204693
:1081300000F030F80746FFF7BDFE484503DD6FF05D
:108140000100BDE8FC9F302168F3C30164F34201E4
:108150006AF3000101A808F045F939460198FFF7D4
:1081600095FE019908440190DDE90F23594601A8C5
:1081700008F04DF9002C03DD01A80D9908F038F93D
:10818000324611990198F8F791F80198304401901E
:10819000401BD6E770B50E46114604461A463046D7
:1081A000049D00F07BF82844801C002C00DD801C1E
:1081B00070BD2DE9FF4F83B08A46DDE91087064682
:1081C000002501909346DDF848902C4639464046FC
:1081D00000F035F80090FFF76DFE504503DDA81E56
:1081E00007B0BDE8F08F65F3070580356BF3C30575
:1081F00025F00600801CC1B201A808F0F3F8DDE903
:108200000010FFF743FE01990844019001A8069968
:1082100008F0EEF80EE004EB440007EB800501A83F
:1082200095E80E0008F0F3F819F8241001A808F0FA
:10823000D9F8641C4445EEDB0198801BD0E72DE99A
:10824000F04102250E460746002409E004EB4400F5
:1082500006EB800007C800F021F80544641CED1C03
:10826000BC42F3DB2846BDE8F08138B50023044664
:108270000090022901DA981E38BD194663F3070100
:1082800062F30711684608F0ADF800210098FFF787
:10829000FDFD00990144081B009138BD020008460D
:1082A00002D01046F8F744B87047FEE77047090758
:1082B000090E002806DA00F00F0000F1E02080F837
:1082C000141D704700F1E02080F8001470474FF44F
:1082D0000020704710B1B0F5002F01D90020704781
:1082E00001460148F9F727B90000120800B5A1B00E
:1082F00080216846F7F7F3FF1CA000F071FF05F03E
:108300000FFB10B91CA000F06BFF684604F0A0FB47
:10831000F0B1684604F050FAE0B1684604F0EAFDB6
:10832000D0B1C921684605F0D5F91BA000F058FF6F
:10833000C82002F041FDBFF34F8F1C4801681C4A62
:1083400001F4E06111430160BFF34F8F00BFFDE70F
:1083500018A006E01CA004E0CE21684605F0BAF99A
:108360001FA000F03DFF21B000BD00004F54412090
:1083700073746172740D0A004F54412073746F70EE
:108380003A207265706F72742076657273696F6ED1
:10839000206661696C0D0A004F544120726561646A
:1083A00079207265626F6F740D0A00000CED00E0B9
:1083B0000400FA054F5441206E6F207061636B61B9
:1083C00067650D0A000000004F5441207461736B13
:1083D000206E6F742072656164790D0A00000000E0
:1083E0004F5441206661696C65640D0A000000000D
:1083F0000B000AD0002A08D08118B1F5002F04D84C
:10840000024901441846F7F751BF704700001208AF
:10841000F0B59BB01E4617460D00044603D014B1BC
:10842000B4F5002F02D900201BB0F0BD6C216846C6
:10843000F7F755FF13480090012001901248029071
:108440001248CDE903041022294605A8F7F72EFFAC
:1084500027B10F22394609A8F7F75EFF26B1272278
:1084600031460DA8F7F758FF4FF001646C21204604
:10847000F9F761F80028D7D01B226946204600F0A2
:108480008FFED1E7314F415400000208000012086E
:1084900070B5074D002448B1017839B101462F224B
:1084A0002846F7F739FF85F82F4070BD2C7070BD56
:1084B0003CDA00202DE9F84315460E0026D02DB3F6
:1084C0004119B1F5002F21D81349002700EB01080D
:1084D000F9F7E2FB002414E04FF0FF302A1B009074
:1084E000042A00D3042231196846F7F7DFFE08EBAF
:1084F000040100230220009AF9F790FB070002D143
:10850000241DAC42E8D3F9F77FFB17B10020BDE88A
:10851000F8830120FBE7000000001208144810B5A2
:10852000026886B0002142F002020260006800F09A
:10853000020005904FF48050CDE900010120029027
:108540000320039069460B48F9F7BAFBFBF792F951
:10855000FBF738FA4020FBF705FAFBF773FA0446FD
:10856000FBF750FAFF2000F033F806B0204610BDAC
:10857000303802400004024010B5044600F008F80C
:108580000121A140014201D0012010BD002010BDF9
:1085900010B5FBF717FA4120FBF7E4F9FBF752FAA5
:1085A0000020FBF7ABF90446FBF72CFA204610BD80
:1085B00070B50C460546FFF7EBFF0122AA402CB12F
:1085C0000243D0B2BDE8704000F002B89043F9E732
:1085D00010B50446FBF7F6F94020FBF7C3F9FBF7AB
:1085E00031FA2046FBF7BEF9FBF72CFAFBF70AFA43
:1085F000BDE810400A2002F0DFBB70470168052982
:1086000002D200210160704741F288329142FAD9CA
:108610000260704700B5164887B014490022C0E9CF
:1086200000120121816008211023C0E903134023B7
:1086300043614FF4C073C0E906320A0202624A0283
:1086400042628A0282620220CDE900010621029183
:10865000CDE903100590069069460548FAF728FB16
:10866000034800F007F807B000BD0000400100A07B
:108670005803002010B5002301221146184600F0CF
:1086800021F84FF4FA7002F0B3FB0023012202211B
:10869000184600F017F8002308220321184600F0BE
:1086A00011F84FF40C7301220421002000F00AF8A5
:1086B000BDE8104040F2AB210148FAF789BB000049
:1086C000580300201FB5002410B1012802D002E099
:1086D000102400E00824CDE90014CDE902234FF472
:1086E000805269460348FAF784FB002800D0012035
:1086F00004B010BD5803002010B5124C10480221E0
:1087000020604FF4827060600020A060C4E9030123
:10871000012161614902A1613821C4E90710606249
:10872000A0620720E0622046FAF77AFB2068016821
:1087300041F040010160BDE81040FF2000F004B8A6
:10874000005001405414002001B582B04FF47A70FB
:108750000090012301AA02A90248FAF7CDFB9DF877
:1087600004000EBD541400200B4A10B511680B68AC
:1087700023F040030B6011680B684FF6C774234069
:108780000B6011680B6803430B601068016841F0CF
:108790004001016010BD0000541400202DE9F04795
:1087A0001D4690460F460446F9F782FB06465FEAEF
:1087B00008004FF000084FF4005A4FF0010926D08E
:1087C00034E0681C23D025B1F9F772FB801BA84266
:1087D0001DD92068416821F0E001416020680168EE
:1087E00021F040010160A06A504509D1206801686C
:1087F00021F4005101602068016841F400510160DA
:1088000084F8519084F850800320BDE8F0872068F8
:10881000806837EA0000D4D10DE0681C06D0002D36
:10882000D7D0F9F745FB801BA842D2D820688068D2
:1088300037EA0000F1D00020E7E7000070B51E4CD9
:1088400092B00025266846F080562660246804F021
:1088500080541194194C266846F4404626602468DA
:108860000DF1240C04F4404411940124009401946B
:10887000022406948CE80D006605CDE90761684680
:10888000FAF788F800B1FEE7F9F768FD00B1FEE7F6
:108890000CA90F2081E831004FF4A0500F904FF445
:1088A0008050109005210CA8F9F7F0FE002800D0A8
:1088B000FEE712B070BD000040380240007000407A
:1088C00010B508F067F9012801D007F045FEBDE8B2
:1088D0001040F9F759BB00001048016841F47001DD
:1088E00001600F48016841F0010101600C4A00215C
:1088F0000832116002680B4B1A400260031D0A4ADD
:108900001A60026822F48022026005480C3001607F
:1089100002495806803908607047000088ED00E081
:1089200000380240FFFFF6FE10300024F0B5026868
:10893000234D244E244FDFF894C0254B4FF0804E3A
:10894000A84209D0704507D0B04205D0B84203D044
:10895000604501D0984203D122F070044A68224356
:10896000A8421BD0704519D0B04217D0B84215D0DC
:10897000604513D0984211D0164CA0420ED0164C30
:10898000A0420BD0154CA04208D0154CA04205D0F7
:10899000144CA04202D0144CA04203D122F44074E3
:1089A000CA68224302608A68C2620A688262A84278
:1089B00001D0984201D10969016301214161F0BDF3
:1089C000000001400004004000080040000C00408E
:1089D00000040140004001400044014000480140C3
:1089E00000180040001C00400020004010B58468C2
:1089F00042EA032224F47F440A432243826010BDEA
:108A0000826822F070020A4342F0070181607047D9
:108A100010B5046A036A23F001030362836923F03B
:108A2000F00343EA021324F00A020A43836102625C
:108A300010BD10B5036A23F0100303628469036A52
:108A400024F4704444EA023223F0A00343EA011103
:108A50008261016210BD10B590F83910222903D04F
:108A6000322901D0022010BD8168B1F5805F11D09C
:108A70000169002901681FD0496801F07F03816AFC
:108A80004A1C82620B70C18D491E0904090CC18504
:108A900018D02FE00269816A002A0268526805D066
:108AA000D2B20A80816A491C8162ECE7C2F30802F3
:108AB0000A80816A891CF7E74A68816A4B1C8362D5
:108AC0000A70E0E70168CA6822F02002CA6090F8E4
:108AD0003910322910D00168CA6822F48072CA6045
:108AE00001684A6922F001024A61012180F83910C7
:108AF000FAF70EFE002010BD1221F7E72DE9F04134
:108B0000044600680169E26821F440510A430261A9
:108B10002068C16849F20C6291432369A268E56943
:108B20001A4363692B431A430A43C26020684169B0
:108B300021F44072A16911434161E0696426322544
:108B4000B0F5004F484A494920681DD0884201D0FD
:108B5000904269D1F9F7CEFE00EBC00101EB0010A5
:108B60006168B0468900B0FBF1F1B1FBF8F6F9F7A6
:108B7000C1FE00EBC00101EB001061688900B0FB91
:108B8000F1F7F9F7B7FE68E0884201D0904219D1B9
:108B9000F9F7B0FE00EBC00101EB00106168B046D0
:108BA0004900B0FBF1F1B1FBF8F6F9F7A3FE00EBD9
:108BB000C00101EB001061684900B0FBF1F7F9F763
:108BC00099FE18E0F9F780FE00EBC00101EB001000
:108BD0006168B0464900B0FBF1F1B1FBF8F6F9F776
:108BE00073FE00EBC00101EB001061684900B0FBAF
:108BF000F1F7F9F769FE00EBC00101EB00106168C5
:108C00004900B0FBF1F1B1FBF8F06FF018014843F7
:108C100007EB800005EB0011B1FBF8F0216866F36B
:108C20001F108860BDE8F081F9F74EFE00EBC0012F
:108C300001EB00106168B0468900B0FBF1F1B1FBB7
:108C4000F8F6F9F741FE00EBC00101EB0010616896
:108C50008900B0FBF1F7F9F737FE00EBC00101EB3B
:108C6000001061688900CCE7001401400010014049
:108C700090F83910122903D0322901D00220704710
:108C80008168B1F5805F016A0BD04A1C02620268FC
:108C900009785160C18C491E0904090CC1840ED0A9
:108CA00017E009880268C1F30801516001690029D1
:108CB000016A02D0491C0162ECE7891CFBE70168EC
:108CC000CA6822F08002CA600068C16841F04001B1
:108CD000C160002070472DE9F0471D4690460F46C1
:108CE0000446F9F7E5F806465FEA08004FF0000988
:108CF0004FF0010808D030E0681C05D095B1F9F7B5
:108D0000D7F8801BA8420DD82068006837EA000019
:108D1000F2D127E0681C20D025B1F9F7C9F8801BF3
:108D2000A8421AD92068C16821F08001C16020687A
:108D3000C16821F02001C1602068C16821F4807100
:108D4000C1602068416921F00101416184F83980E6
:108D500084F838900320BDE8F0872068006837EA7F
:108D60000000D7D00020F6E770B500240C4D0D4868
:108D7000FAF76BFB02E0641CAC4204D80948FAF72E
:108D800061FB0128F7D1002402E0641CAC4206D844
:108D9000012205490348FAF787FC0028F5D170BD88
:108DA000FFFF0100B8020020480000202DE9FC412F
:108DB0002A4D286801684FF00006C943090704D40A
:108DC000016841680091016841680168244BC9430A
:108DD000890619D4416840F2FF77CCB2B3F8001885
:108DE000C1F30E02BA4209D29C54B3F800184FF4F2
:108DF000003202EBF1314FEA714103E06FF30E01F3
:108E000001F2FF71A3F800180068C043C00622D425
:108E100000962868016840680190B3F8000840F4A3
:108E200000411048A3F800180068002813D0C1F3CF
:108E30000E01ADF8041000236A4601A907F0CAFD2F
:108E40000098002807D008494FF080500860BFF311
:108E50004F8FBFF36F8FBDE8FC810000FCD700206F
:108E6000F8CF00201C00002004ED00E0FEE7000029
:108E700070B5040300F02EF900F0D6F8104D002074
:108E8000C5F898022020FFF75FFC0E480088A0F587
:108E90006F41183902D1200EFFF756FCC4F307408A
:108EA000FFF752FCC4F30720FFF74EFCE0B2FFF7D8
:108EB0004BFC0120C5F89802BDE8704000F0B4B842
:108EC000008042426400002070B51A4886B0002538
:108ED000016841F0200101600068012400F02000D9
:108EE00005904020CDE900040220CDE9024069460A
:108EF0001148F8F7E5FE114EC6F89842FFF7FCFB63
:108F00000020FFF731FC00F051F80D490880A0F572
:108F10006F4118390BD1032000F06AF8C00706D161
:108F2000C6F89852B720FFF70FFCC6F8984206B073
:108F300070BD000030380240001402400080424200
:108F4000640000202DE9F041164F0646002015462A
:108F50000C46C7F898020320FFF7F6FB124800887A
:108F6000A0F56F41183902D1200EFFF7EDFBC4F3D5
:108F70000740FFF7E9FBC4F30720FFF7E5FBE0B28A
:108F8000FFF7E2FB002405E0FF20FFF7DDFB305593
:108F9000641CA4B2AC42F7D30120C7F89802BDE824
:108FA000F0810000008042426400002070B50F4D47
:108FB0000024C5F89842902005F52675FFF7C4FBFC
:108FC0000020FFF7C1FB0020FFF7BEFB0020FFF7EA
:108FD000BBFBFF20FFF7B8FB44EA0024FF20FFF7AC
:108FE000B3FB20430121296070BD00000080424294
:108FF00010B5012803D0022803D0032803D0052090
:1090000002E0352000E01520064C0021C4F898123B
:1090100004F52674FFF798FBFF20FFF795FB01216D
:10902000216010BD0080424210B50120FFF7E0FF33
:10903000C007FAD110BD00002DE9F05FC1F30B06A7
:10904000DFF88C800F0BC6F580548A4681461546A2
:10905000A24200D8144639038B464FF48052404652
:10906000FFF770FF002006E0321818F80210FF2901
:1090700003D1401C80B2A042F6D3A04221D2384690
:10908000FFF7F6FE002006E019F800208319401CC7
:1090900008F8032080B2A042F6D359464FF480521C
:1090A000404600F027F8A5420FD0281BA144A24457
:1090B000002685B24FF480547F1CA542CBD82C46A5
:1090C000C9E7224651464846EBE7BDE8F09F00005D
:1090D0005404002010B5064C0020C4F89802062065
:1090E00004F52674FFF730FB0120206010BD00005E
:1090F000008042422DE9F0410746C8B2C0F58074B5
:109100000E461546A24200D814464FF480782246F7
:109110003146384600F00EF8A54208D0281B2744F7
:10912000264485B24446A542F1D82C46EFE7BDE877
:10913000F08100002DE9F04115460C460646FFF788
:10914000C9FF154F0020C7F898020220FFF7FCFA6C
:1091500012480088A0F56F41183902D1200EFFF7A0
:10916000F3FAC4F30740FFF7EFFAC4F30720FFF761
:10917000EBFAE0B2FFF7E8FA002404E0305DFFF715
:10918000E3FA641CA4B2AC42F8D30120C7F89802F9
:10919000BDE8F041FFF748BF008042426400002074
:1091A0002DE9F04116460F4680460025F8F774FD7C
:1091B00000240AE057F8242008EB84010023022051
:1091C000F8F72CFD050002D1641CB442F2D3F8F785
:1091D0001BFD15B10020BDE8F0810120FBE7000078
:1091E0000FB4054B10B503A9044A029800F09AF990
:1091F00010BC5DF814FB0000B5B302084C00002061
:109200000FB47CB50C0009AD01D0611E00E0002157
:10921000CDE90001064B6A462946089800F082F91C
:10922000002C02D0009A002111707CBC5DF814FB68
:109230002B9C02080FB4084B10B504A902AA03988E
:1092400000F070F9044602A9002000F0F9FC204665
:1092500010BC5DF814FB0000419C020837B51446B1
:109260000846064B6A46214600F05CF9044669460A
:10927000002000F0E5FC20463EBD0000419C0208B5
:10928000004870479001002030B528B1144C031FEE
:10929000002021680A4605E0084630BD9A4203D8FE
:1092A00010465268002AF9D1002800D041680BD03E
:1092B0000468A3EB0005A54204D11B681C440346C7
:1092C000046002E0436000E023603AB11C68D51AF4
:1092D000A54203D115682C441C6052685A6030BD09
:1092E000880100202DED020B019820F00040019034
:1092F0009DED000B02B0704700B583B09FED060BEB
:109300000A4601468DED000B6846F7F77AFC9DEDA5
:10931000000B03B000BD00000000000000000000D2
:109320002DE9F04782460F4C10480D4E0E4F001BA2
:109330004FF0000820F007054FF001090022114608
:10934000504602F09BF9002802D1306810B100208D
:10935000BDE8F0873C60C4E90058C6F80090EDE72E
:109360008C01002094F100208801002090F300205F
:1093700002E008C8121F08C1002AFAD170477047DE
:10938000002001E001C1121F002AFBD1704700003C
:109390002DE9FF5F82B00021DDE90430020DDDF828
:1093A00040B0034318D044F61050A2F2FF324243BB
:1093B0001514119801281FD0A5EB0B00401C5FEA83
:1093C000000A4FF000064E4FDFF83891B046504685
:1093D00015D5CAF1000413E0119801244AA301280D
:1093E00001D16FEA0B010298119AC0E90031C0E97E
:1093F000024206B0BDE8F09FCBF10000DFE7044673
:109400000021404A491842EB0450CDE9001012E017
:10941000E00707D032463B4640464946F7F742FA56
:109420008046894632463B4610461946F7F73AFAD7
:1094300006460F466410002CEAD1DDE90401DDE99F
:109440000023BAF1000F06DAF7F72CFA42464B4632
:10945000F7F728FA05E0F7F79CFC42464B46F7F78A
:1094600098FC04460E460022284BF7F7EBFA03D887
:109470004FF0FF30014607E00022254B20463146E1
:10948000F7F769F9F7F700FD102409E0002C0ADB73
:109490000A220023F7F704FB039B30321A55641E9F
:1094A00050EA0102F2D1641C039AC4F1110314447E
:1094B000119A012A03D0012208430DD10AE0084382
:1094C00004D000204FF0110B119072E7A3EB0B05B5
:1094D0006D1E0DE05B4504DD4FF0000205F1010556
:1094E00004E003DA4FF00002A5F10105002AECD0F8
:1094F00002981199C0E90231C0E9004579E70000FE
:10950000000014400000F03F300000000000F04375
:109510000000E03F30380A2801D2012070470020C7
:10952000704700002DE9FF4F95B09A4688460646E1
:109530000025EEE1252877D100242746F94A0121AC
:10954000039400E0044316F8013F203B01FA03F0C6
:109550001042F7D130782A2811D06FF02F033078DD
:10956000A0F13002092A16D8039A44F0020402EB53
:10957000820203EB42021044761C0390EFE758F896
:10958000042B0392002A03DA504244F4005403905F
:1095900044F00204761C30782E2816D116F8010FFC
:1095A00044F004042A280DD06FF02F023078A0F187
:1095B0003003092B09D807EB870302EB4303C718D5
:1095C000761CF3E758F8047B761C30786C280FD0B3
:1095D00006DC4C2817D068280DD06A2814D104E086
:1095E000742810D07A280FD10DE044F400140AE05A
:1095F00044F4801401E044F440147278824202D1B1
:1096000004F58014761C761C307866280BD013DCA9
:10961000582877D009DC002875D04528F6D0462890
:10962000F4D047281AD193E118E0632835D0642894
:1096300079D0652812D18BE1702873D008DC6728B7
:10964000F1D069286FD06E280DD06F2806D1ACE01C
:1096500073282CD0752874D0782853D05246179987
:1096600090476D1C54E1C4F30250022809D003282E
:109670000DD0D8F8001004280DD00D6008F10408B2
:1096800046E1D8F80010EA17C1E90052F6E7D8F829
:1096900000100D80F2E70D70F0E718F8041B8DF84C
:1096A000001000208DF80100EB46012003E058F87F
:1096B00004BB4FF0FF3061074FF0000102D40DE012
:1096C00009F101018946B9420FDA8145F8DB1BF83F
:1096D00009100029F4D108E009F10101894681420D
:1096E000FADB1BF809100029F6D103985346A0EBCA
:1096F000090721463846179A00F080FA284400EB03
:10970000090507E044E008E10DE01BF8010B5246B3
:1097100017999047B9F10109F7D2534621463846C7
:10972000179AF2E039E00A21C4F302524FF0000B1D
:109730000091022A06D058F8040BC117032A09D059
:109740000AE023E008F1070020F00702F2E8020136
:10975000904605E000B2C117042A01D140B2C117FA
:10976000002906DA0A460021404261EB02012D225F
:1097700002E0220504D52B228DF80420012203E00B
:10978000E20701D02022F7E7914657E00A2100E0E6
:1097900010214FF0000B00910BE010214FF0000B57
:1097A00044F004040827009103E008204FF0000B68
:1097B0000090C4F30252022A05D058F8040B00218D
:1097C000032A08D008E008F1070020F00702F2E8B9
:1097D0000201904603E080B2042A00D1C0B24FF0EB
:1097E000000922072AD53278702A07D0DDF800C098
:1097F0008CF0100C5CEA0B0C05D00EE040228DF8CA
:109800000420012208E050EA010306D030238DF83D
:1098100004308DF8052002229146009B83F0080356
:1098200053EA0B030AD150EA010201D1620705D5C0
:1098300030228DF804204FF001097F1E3278582A1B
:1098400004D039A20C920CAA02920BE03BA2F9E7D9
:109850005B46009AF7F724F90C9B9B5C029A521E18
:109860000292137050EA0102F2D1029804A9081A78
:1098700000F1200B600702D524F4803400E00127BA
:109880005F4502DDA7EB0B0000E0002000EB0B01C1
:10989000009003984944401A0390E00306D45346CD
:1098A0002146179A039800F0A9F90544002706E01D
:1098B00001A85246C05D179990476D1C7F1C4F450B
:1098C000F6DBE0030CD553462146179A039800F0C7
:1098D00095F9054404E030205246179990476D1CD5
:1098E0000099481E00900029F5DC08E002980299D2
:1098F00052460078491C0291179990476D1CBBF1A4
:109900000001ABF1010BF1DC5BE100F065F905440E
:10991000761C307800287FF40DAE19B02846BDE8DB
:10992000F08F0000092801003031323334353637EA
:10993000383961626364656600000000303132339B
:10994000343536373839414243444546000000003B
:10995000600700D4062708F1070020F00700F0E8B0
:109960000223804603F0004C5FEA0C0001D097A070
:1099700009E0200501D596A005E0E00701D095A0FB
:1099800001E0AFF24C001390307823F000436528DB
:109990000CD006DC452809D046281DD047287FD1A9
:1099A0003BE0662818D067287AD136E00021112FD5
:1099B00001DB112000E0781CCDE9000104A90CA80E
:1099C000FFF7E6FCDDE90D010C9A4FF0000B07F103
:1099D0000109109200914EE04FF000400097CDE950
:1099E000011004A90CA8FFF7D3FCDDE90D020C9BC4
:1099F0000F994FF0000B91461093009211B9791C0A
:109A000000EB0109B7EB090003D4C0F1FF3B07F1FC
:109A10000109A9EB0700019042E0012F00DA0127BC
:109A20000021112F01DD112000E03846CDE90001B1
:109A300004A90CA8FFF7ACFCDDE90D010C9A00911C
:109A40004FF0000BB946109221070FD4009A4A45F7
:109A500003DA914601E0A9F10109B9F1010F05DD31
:109A6000109AA9F10101515C3029F4D0B84202DA10
:109A700010F1040F03DA0121CDE9011010E00028F4
:109A800003DC8344A9EB000102E0411C494500DDF1
:109A90008946A0EB0B00401C01904FF00040029063
:109AA000200705D40198484502DB4FF0FF300190B4
:109AB00000208DF84B0002980DF14B07B0F1004FDC
:109AC00025D002200C902B200D90029800280CDA53
:109AD000404202902D200D9007E00A210298F6F7EF
:109AE000C9FF3031029007F8011D0C99481E0C90F7
:109AF0000029F2DC02980028EFD1791E0D98087039
:109B0000307800F0200040F0450007F8020D11A861
:109B1000C01BC01D02901398007800B1012000EB1B
:109B20000901019801EBE071029801440398401A81
:109B3000401E0390E00306D453462146179A03982B
:109B400000F05CF805441398007818B15246179954
:109B500090476D1CE00323D553462146179A03987E
:109B600000F04CF805441BE0BBF1000F07DB009848
:109B7000584504DD1098179910F80B0001E017996B
:109B800030205246904701980BF1010B401E05F121
:109B90000105019004D12E205246179990476D1C63
:109BA000B9F10001A9F10109DEDC05E017F8010BAC
:109BB0005246179990476D1C0299481E0290002941
:109BC000F4DC53462146179A03989EE62D000000C8
:109BD0002B000000200000002DE9F0410446002584
:109BE0001E461746880404D405E039462020B047B5
:109BF0006D1C641EF9D52846BDE8F0812DE9F041C1
:109C0000044600251E469046C80301D5302700E0D3
:109C10002027880404D505E041463846B0476D1C2E
:109C2000641EF9D52846BDE8F0814A68002A06D0AE
:109C30000A68531C0B6010704868401E48607047EB
:109C40000A68531C0B601070704711B108B188424C
:109C500001D10020704782683AB152681AB1116090
:109C60004A60806841600120704781600020C1E93E
:109C70000001F8E72DE9F0410700069898461446E0
:109C80000D4603D015B10CB1A74202D10020BDE8AA
:109C9000F08118B1E06840F4007608E019462846E3
:109CA00000F0A2FD051EF2D0E06820F40076A08945
:109CB000800504D4206A10B1D8F804108847E66003
:109CC000214638462562BDE8F041FFF7BEBF0000DF
:109CD0009CB0214F214E1AAD4EF660244FF47A7895
:109CE000022006F0BBFA2A1D1AA8A91CF7F780FB70
:109CF00000231A461AA9706806F0A8FD00231A4628
:109D00001AA9B06806F0A2FD397809B1012813D06C
:109D1000BDF86A10BDF86800CDE90001BDF86C30EF
:109D20000FA2602102A8FFF76BFA411E5F2903D240
:109D300081B202A801F0BCFA3068C82801D2C8205C
:109D400002E0A04200D920464FF47A714843B0FBAC
:109D5000F8F005F0EDFFC3E7550100207801002081
:109D60007B22616C73223A25752C226972223A2576
:109D7000752C227073223A25757D000070B5002481
:109D80004FF4FA752A4606A106A000F073F90028E0
:109D900004D0641CE4B20A2CF4D3012070BD00008E
:109DA0004F4B00004154000010B54FF4FA7218B147
:109DB000012804D0032010BD05A106A001E004A1E4
:109DC00006A000F057F90028F5D0012010BD0000D2
:109DD0004F4B0000415445300000000041544531D4
:109DE0000000000000B591B00B46024607A168468E
:109DF000FFF720FA41F288320BA1684600F03AF9E9
:109E0000002800D0012011B000BD000041542B43B8
:109E1000495053544152543D22544350222C222540
:109E200073222C2573000000434F4E4E45435400CF
:109E300070B54FF4FA752A4607A108A000F01AF988
:109E400004462A4609A10AA000F014F9204410F0A3
:109E5000FF0000D0012070BD4F4B000041542B4348
:109E600049504D4F44453D31000000003E00000088
:109E700041542B43495053454E44000010B54FF414
:109E80007A74204600F098FF07A000F079F9204688
:109E900000F092FF00F0A8F96210BDE8104003A1A5
:109EA00003A000F0E7B800002B2B2B004F4B000065
:109EB0004154000070B505464FF4FA720CA10DA094
:109EC00000F0D8F808B1012070BD00F071F90CA1C4
:109ED000F6F710FA04460AA1401CF6F70BFA002127
:109EE0000170621C07A12846FFF7A4F9002070BD8D
:109EF0004F4B000041542B43494653520000000091
:109F0000220000002573000070B50B4D4FF4006473
:109F1000002221462846F7F7C6FF642000F04CFFD8
:109F2000012221462846F7F7BEFFBDE870404FF4F6
:109F3000FA7000F041BF00000020024070B50446F6
:109F4000264890B00021026842F4807202600068E6
:109F500000F4807005904FF4006000900120CDE97E
:109F600001010220039069461D48F7F7A9FEFFF79B
:109F7000CBFF204600F0E6F8FFF700FF00282AD0CC
:109F80004FF416504FF4E13584421CD000F0DAF85B
:109F9000FFF7F4FEA8B9224612A16846FFF74AF976
:109FA0004FF4FA76324615A1684600F063F8204671
:109FB00000F0C8F8304600F0FFFEFFF7DFFE002893
:109FC00009D0AC4206D0284600F0BCF8FFF7D6FE18
:109FD000002800D0012010B070BD000030380240D1
:109FE0000020024041542B554152545F4355523D8D
:109FF00025752C382C312C302C3000004F4B0000B4
:10A0000000B591B00B46024607A16846FFF712F96A
:10A0100042F2107209A1684600F02CF8002800D026
:10A02000012011B000BD000041542B43574A41505C
:10A030003D222573222C22257322000057494649D0
:10A0400020474F542049500010B540F6B83204A1C3
:10A0500005A000F00FF8002800D0012010BD00007E
:10A06000726561647900000041542B524553544F8E
:10A070005245000070B514460D46064600F0B4F88F
:10A0800031460CA000F07CF83DB134B100F090F8FE
:10A0900038B12946F6F72EF908B1002070BD00F05E
:10A0A000A3F80120641E00F087FE002CEED10220F0
:10A0B00070BD000025730D0A0000000010B54FF4BC
:10A0C000FA72012805D0022806D003280CD00320FC
:10A0D00010BD07A107A001E005A109A0FFF7CAFF75
:10A0E0000028F5D0012010BD01A108A0F6E700006E
:10A0F0004F4B000041542B43574D4F44453D3100D9
:10A1000041542B43574D4F44453D320041542B435E
:10A11000574D4F44453D330010B54FF4FA72064990
:10A1200006A0FFF7A7FF08B1012010BD4FF47A7019
:10A1300000F042FE002010BDA09D020841542B52A9
:10A14000535400000D4910B50B4AC1E9002000200E
:10A1500088600C22C860C1E904028861C8610846B1
:10A16000F9F7EDF9002206212620F8F7C5F8BDE839
:10A1700010402620F8F7B4B800440040FCD7002077
:10A180000FB40A4810B503AA0299FFF767F8074809
:10A19000F6F7CEF8054982B24FF0FF33A1F1400047
:10A1A000F9F7E2FA10BC5DF814FB00003CD800207F
:10A1B0000649B1F80008020405D5C0F30E000022DC
:10A1C0000A5408467047002070470000F8CF00206E
:10A1D0000448B0F80008010402D5C0F30E0070472F
:10A1E00000207047F8CF00200349B1F800086FF352
:10A1F0000F00A1F800087047F8CF0020A0F141013E
:10A20000192901D808467047A0F16101192901D820
:10A2100047387047A0F13001092901D8001D704767
:10A220002B2804D02F2804D04FF0FF3070473E2059
:10A2300070473F2070472DE9FF5F8146F6F778F8B9
:10A240000024064625466EE04FF0FF386FF0010708
:10A25000C346BA4605E019F80400641CFFF7CEFFB8
:10A260008046B44209D2B8F1000FF4DB05E019F8DA
:10A270000400641CFFF7C2FF8346B44202D2BBF164
:10A28000000FF4DBB8F1000F4FDBBBF1000F4CDB2C
:10A2900007E019F804003D2808D0641CFFF7AEFF62
:10A2A0000746B4420ED2B81CF3D00BE04FF0FF3794
:10A2B000641C07E019F804003D282BD0641CFFF74C
:10A2C0009DFF8246B44202D21AF1020FF2D00299E7
:10A2D000681C88421AD84FEA880141EA2B1001997C
:10A2E00048556D1C002F20DB0299681C88420DD850
:10A2F00001994FEA0B1040EAA70048556D1CBAF1CE
:10A30000000F12DB0299681C884207D9002004B0B4
:10A31000BDE8F09F4FF0FF3A641CD8E701984AEA85
:10A32000871141556D1CB4428ED3039805600120FE
:10A33000EDE70000F0B58C1C0325B4FBF5F4A40098
:10A34000A34201D80020F0BD00242346DFF8BCC0A2
:10A3500025E0075D641C4FEA970E065D641C1CF83F
:10A360000EE0055D02F803E007F003074FEA161E52
:10A370004EEA07175B1C1CF80770D75406F00F064F
:10A38000AF0947EA86065B1C1CF80660D65405F048
:10A390003F055B1C1CF80550D5545B1C641CE51C78
:10A3A0008D42D6D9091B3D25012902D002290FD0A3
:10A3B00027E0005D810800F003001CF80110D15473
:10A3C0000CEB00105B1C0078D0545B1CD55415E0DE
:10A3D000015D641C005D8C0801F003011CF8044061
:10A3E000D454040944EA01115B1C1CF80110D15437
:10A3F00000F00F005B1C1CF82000D0545B1CD554EF
:10A400005B1C0020D0540120F0BD0000A0570308C1
:10A4100030B50022054C05E02368521C13F8015B9F
:10A42000057023608A42F7DB084630BD0401002036
:10A4300010B530B1036823B1D0E90121914201D2B6
:10A4400004E0002010BD491C816020B1914202D27D
:10A450005C5C202CF7D99142F4D1491E816010BD7B
:10A4600008B500230093024BFFF704FC08BD000071
:10A47000F8000020F8B50C46054600F02BF806461B
:10A4800000200090064B324621462846FFF7F2FB9B
:10A490000028304602D100F07DF80020F8BD000011
:10A4A000F8000020F8B505460C46104600F05AF8B2
:10A4B000064600200090064B324621462846FFF70C
:10A4C000D9FB0028304602D100F064F80020F8BD26
:10A4D000F800002010B518482DED028BB0EE408A30
:10A4E000F0EE608A00F0CDF8040020D00820E06093
:10A4F0009FED120B84ED068B53EC102B51EC180BD7
:10A50000F6F7A0FA02D86FF000400FE09FED0D0BB8
:10A5100051EC180B53EC102BF6F77CFA02D84FF0E5
:10A52000004003E051EC180BF6F73BFA606120465F
:10A53000BDEC028B10BD0000F80000200000C0FF41
:10A54000FFFFDF41000000000000E0C110B504483B
:10A5500000F097F8002801D04021C16010BD000034
:10A56000F800002070B50546094800F08AF804009C
:10A5700007D01020E0600649284600F035F9206138
:10A5800008B1204670BD204600F004F8002070BDE0
:10A59000F800002070B504460F4E19E0A089256828
:10A5A000C0050AD4A06820B1FFF7F4FFA089C00558
:10A5B00003D4206908B171688847A089800503D455
:10A5C000206A08B1716888477168204688472C4620
:10A5D000002CE3D170BD0000F8000020012200F043
:10A5E000F3BE000030B50D4D0D4B0E4C0E4A88B138
:10A5F0001360016801B111605460406800B150609F
:10A60000002090601068984203D15068A04200D1A9
:10A61000956030BD82E8380030BD00004DF1020881
:10A620002193020889920208F8000020002803D034
:10A63000007B800700D001207047002803D0007BFA
:10A64000082801D00020704701207047002803D05F
:10A65000007B402801D0002070470120704700286F
:10A6600003D0007B102801D00020704701207047E4
:10A67000002803D0007B022801D000207047012071
:10A68000704710B5016828208847040002D02821AF
:10A69000F5F725FE204610BD0022114600F06EB8E9
:10A6A0002DE9F04788B00F4606469A4615461C210C
:10A6B0006846F5F714FE2F480024002E046044601D
:10A6C00055D08146E7B30096CDE90174D9E902126D
:10A6D000D9F810000491CDE9052009F10800FFF731
:10A6E000D0FF5FEA00082BD000986F4608B10298AF
:10A6F00008B100200CE00198042808D903221EA10B
:10A700000098F5F740FE10B90298C01C0290384638
:10A71000FFF78EFE0146404603F0EEFC68B1BAF149
:10A72000000F13D06846FFF783FEDDE90101814287
:10A7300003D202990098405C40B14046FFF72AFFDF
:10A74000DDE9011088420AD204460BE01DB10299EE
:10A75000009808442860404608B0BDE8F087081E0D
:10A7600000D0441E0DB130192860C9E900640020F2
:10A77000F2E70000F0000020EFBBBF0070B5154607
:10A780000E46040009D0F5F7D3FD411C2B46324696
:10A790002046BDE87040FFF783BF002070BD000079
:10A7A000F0B589B00D4606461F461446242168467A
:10A7B000F5F795FD002C12DB8DB100200095CDE959
:10A7C000014001200749CDE9040707C906AB83E82A
:10A7D00007006946304603F001FF09B0F0BD0020D4
:10A7E000FBE70000F800002070B50C4606000DD015
:10A7F000F5F79EFD401C236805469847040005D0E8
:10A800002A463146F5F752FD204670BD002070BD46
:10A8100010B52DED088BB0EE41AAF0EE61AAB0EEB6
:10A8200040BAF0EE60BAB0EE4A0AF0EE6A0AFEF7FD
:10A8300059FDB0EE408AF0EE608AB0EE4B0AF0EEC1
:10A840006B0AFEF74FFDB0EE409AF0EE609AB0EE64
:10A85000480AF0EE680AB0EE490AF0EE690A53ECD5
:10A86000182B51EC190BF6F7EDF804D2B0EE490AAB
:10A87000F0EE690A03E0B0EE480AF0EE680A9FEDD8
:10A88000101B51EC100B53EC112BF6F70BF841ECAD
:10A89000180B53EC1A2B51EC1B0BF5F7FDFF41EC99
:10A8A000100BFEF71FFD53EC182B51EC100BF6F7B5
:10A8B000B1F803D80120BDEC088B10BD0020FAE7E9
:10A8C000000000000000B03C2DE9F047CAB028B1FC
:10A8D00021B14FF0FF342246002306E0CCA040E037
:10A8E000C55C7B2D07D05B1C9BB28B42F8D3002C40
:10A8F00003DAD0A035E01C46F9E7491EA14203DD8A
:10A90000435C7D2BF9D10A46A24201DCD1A028E0AC
:10A91000151B6D1C002D01DCD5A022E0FF2D00DDF4
:10A92000FF2501192A466846F5F7C0FC4FF00008DC
:10A930000DF805806846FFF7AFFE060010D0D4A1E1
:10A94000FFF74CFE0546D4A13046FFF747FE04460C
:10A9500037465DB12846FFF779FE38B12F460BE048
:10A96000CFA0FEF73DFC4AB0BDE8F08724B12046F9
:10A97000FFF76CFE00B1274644468DF800818DF844
:10A980000481CEA13846FFF729FE41AA40A900F074
:10A990009DFECC4D78B19DF8040100284DD0D5F82E
:10A9A0008402002847D00020C5F88402D5F884121C
:10A9B000C5A0FEF715FCC8A13846FFF70FFE41AA57
:10A9C00040A900F083FE68B19DF8040188B3D5F872
:10A9D000800278B30020C5F88002D5F88012C0A0AC
:10A9E000FEF7FEFBC2A13846FFF7F8FD41AA40A9D9
:10A9F00000F06CFE98B10020FDF7BEFD9DF804113B
:10AA000019B110B300208DF800019DF8001100204D
:10AA1000FDF7CEFD9DF80011B7A0FEF7E1FBBAA14E
:10AA200038464894FFF7DAFD48A900F0B9FE70B146
:10AA300014E007E004E00120B6E79DF80001B3E769
:10AA40000120C8E79DF80001C5E70120DBE7B1A1BF
:10AA50003846FFF7C3FD48A900F0A2FEDFF8C89210
:10AA6000489830B1C9F80000D9F80010AFA0FEF73F
:10AA7000B7FBB4A13846FFF7B1FD040004D1B1A182
:10AA80003046FFF7ABFD0446FFF7E9FD20B1206932
:10AA900010B1FDF7FDFC0BE02046FFF7CEFD38B10D
:10AAA000A9A2182142A86369FEF7AAFB42A8F0E711
:10AAB000A6A13846FFF792FD040008D0FFF7C6FDB7
:10AAC00028B1A5A12046FFF789FD00B10446204624
:10AAD000FFF7ACFD0127DFF888820028204602D06E
:10AAE000FFF7C6FD03E0FFF7A8FD30B1606920B1B4
:10AAF00088F800709BA0FEF773FBA0A13046FFF71B
:10AB00006DFD044694A13046FFF768FD824620465D
:10AB1000FFF7A5FD002877D02069002874D041AA4E
:10AB200040A9504600F0D2FD00286DD063A12069F5
:10AB3000F5F705FCC8B168A12069F5F700FC30B352
:10AB40006BA12069F5F7FBFB80B36FA12069F5F7D6
:10AB5000F6FB60B36FA12069F5F7F1FB38B37BA179
:10AB60002069F5F7ECFBC8B34EE09DF8040158B13D
:10AB7000D5F8840230B10020C5F88402D5F88412DB
:10AB800051A039E00120F7E79DF80001F4E79DF8B6
:10AB9000040168B1D5F8800230B10020C5F8800208
:10ABA000D5F880124EA027E00120F7E703E018E077
:10ABB0009DF80001F2E70020FDF7DEFC9DF804118E
:10ABC00019B160B100208DF800019DF8001100203E
:10ABD000FDF7EEFC9DF8001147A00DE00FE001200D
:10ABE000F1E748A9504600F0DBFD68B14899C9F883
:10ABF0000010D9F800104DA0FEF7F2FA04E088F832
:10AC0000007058A0FEF7ECFA3046FFF7C3FCAAE646
:10AC10006572726F723A20696E76616C6964206247
:10AC20007566666572206F72206C656E6774680D5C
:10AC30000A0000006572726F723A206E6F204A53EC
:10AC40004F4E20737461727420666F756E640D0AC6
:10AC5000000000006572726F723A206E6F204A53D6
:10AC60004F4E20656E6420666F756E640D0A00009D
:10AC70006572726F723A20696E76616C6964204AFF
:10AC8000534F4E206C656E6774680D0A000000001B
:10AC9000636F6E74726F6C00706172616D7300002F
:10ACA0006572726F723A204A534F4E207061727310
:10ACB00065206661696C65640D0A00006C6564302E
:10ACC00000000000008040424354524C206C6564F8
:10ACD000303D25640D0A00006C6564310000000001
:10ACE0004354524C206C6564313D25640D0A0000CC
:10ACF00062656570000000004354524C2062656537
:10AD0000703D25640D0A000073616D706C655F6DA8
:10AD10007300000073616D706C655F706572696FC0
:10AD2000645F6D7300000000780100204354524CB2
:10AD30002073616D706C655F6D733D256C750D0AD8
:10AD40000000000074696400256400006F74615F96
:10AD5000757067726164650076616C7565000000EE
:10AD6000540100204354524C206F74615F7570672A
:10AD7000726164653D310D0A00000000636D64007E
:10AD800010B504460420F8F773FA0A484FF47A71B4
:10AD900014FB01F10122446002804FF0E0200269BF
:10ADA00042F0020202614161016941F00101016169
:10ADB00010BD00004000002070B5044605F0EAFE1A
:10ADC00001280CD0094D2888844203D3B4FBF0F04D
:10ADD00004F0AEFF2888B4FBF0F100FB11444FF4FF
:10ADE0007A706043BDE8704000F002B84000002077
:10ADF00070B54FF0E02500216C69094AAB695268D3
:10AE00005043AA699A42FCD002D2A3EB020302E0AB
:10AE1000A4EB02063344194413468142F1D370BDBA
:10AE20004000002070B5054600244FF47A7603E018
:10AE30003046FFF7DDFF641CAC42F9D370BD4FF420
:10AE4000FA64102005F00AFA204604F071FFF8E7D2
:10AE500009490120096809B1002070470749CA69FA
:10AE6000002AF9D1044A896828321268491E8A42A8
:10AE7000F3D10220704700009417002068000020E2
:10AE80002DE9F04104001CD02268D2B1636813B1EF
:10AE9000A068984215D24FF00046B14211D2A56881
:10AEA000491C6818834202D35019BDE8F08121691A
:10AEB00039B9B0F1804F06D3B04202D26FF00046EC
:10AEC00002E00020F1E74600236A00272BB131465B
:10AED00010469847050012D00CE0A169304688471B
:10AEE00005000CD0A2682168521CF5F7DFF9E16972
:10AEF00020688847C4E90056A0682844D5E7E1697E
:10AF00002068884767602760DBE7000070B5124D56
:10AF1000287800281ED011A0FEF762F900244FF413
:10AF2000801606EB0430A0F58010000BFDF7A0FFA3
:10AF3000A006B0F17C4F03D1611C15A0FEF750F9BB
:10AF4000641CFF2CEDD919A0FEF74AF900206860B7
:10AF5000A860E86070BD00005C01002044454255D7
:10AF6000473A20466F726D617474696E6720466C53
:10AF7000617368202865726173696E6720616C6C0B
:10AF800020736563746F7273292E2E2E0D0A0000D4
:10AF9000202045726173656420256C75207365639C
:10AFA000746F72732E2E2E0D0A0000004445425518
:10AFB000473A20466C61736820666F726D61742039
:10AFC000636F6D706C657465210D0A0038B5134CA4
:10AFD0002078A0B1FF208DF80000012211056846FD
:10AFE000FDF7B0FF9DF80010FF290DD0A5290BD06B
:10AFF00051B10B48FEF7F4F8FFF788FF38BD002089
:10B000006060A060E06038BD00F074F9241D05A008
:10B0100094E80E00FEF7E4F838BD00005C01002063
:10B02000185C0308466C61736820496E697420449B
:10B030006F6E653A20726561645F6964783D256C66
:10B04000752C2077726974655F6964783D256C752D
:10B050002C2076616C69645F636F756E743D256C3E
:10B06000750D0A0038B50C4C05462078002811D023
:10B0700000208DF8000029020122684601F58011A8
:10B08000FDF7DAFFE16809B1491EE1606D1CC5F307
:10B090000B00606038BD00005C01002070B50D4CF5
:10B0A0000546206830B10023C822194605F0B8FAD9
:10B0B000012804D02846BDE87040FFF7D3BF2846DA
:10B0C000FFF7D0FF2068BDE8704000231A461946FC
:10B0D00005F0BCBB240000202DE9FF4F834621482A
:10B0E000884683B0017801B3C168F1B14FF000091F
:10B0F0008DF8009047684D463C464FF4805A260232
:10B1000006F58016012231466846FDF71BFF9DF8C3
:10B110000000A5280DD0641CC4F30B04BC4202D06F
:10B120006D1C5545EBD300F0E5F8002007B0BDE8F5
:10B13000F08F0222711C01A8FDF704FFBDF8045036
:10B14000454502D3A8F1010085B22A46F11C5846B4
:10B15000FDF7F8FE0BF80590059805800698046049
:10B160000120E3E75C0100202DE9F041124C80460C
:10B170001D46206816460F4630B10023C8221946E6
:10B1800005F04EFA012807D02B4632463946404694
:10B19000BDE8F041FFF7A0BF2B4632463946404696
:10B1A000FFF79AFF002305461A461946206805F066
:10B1B0004DFB2846BDE8F081240000202DE9F04732
:10B1C00082463A480E46C2B0017800296AD0002172
:10B1D0008DF800114F1E0C464FF480598046012215
:10B1E000B8F808002044C0F30B05290240A801F577
:10B1F0008011FDF7A7FE9DF80001FF2808D038B1A7
:10B20000641C4C45EBD3781C04D0C8F808701DE0D2
:10B210002F46F8E7D8F8080098F8001020F00F043F
:10B22000474604F1100549B100094FF4801101EBC4
:10B230000030A0F58010000BFDF71AFE7868A042E0
:10B2400003D3A84201D200F055F8BC60D8F808003A
:10B250004446050205F58015FD2E00D9FD26FF2286
:10B26000571C39466846F5F733F8A5208DF80000DD
:10B270008DF80160300A8DF80200324651460DF11A
:10B280000300F5F713F83A4629466846FDF7D4FE61
:10B290002089401CC0F30B00A060E068484501D243
:10B2A000401CE06042B0BDE8F08700005C01002077
:10B2B00070B50F4C06460D46206830B10023C822F9
:10B2C000194605F0ADF9012805D029463046BDE8FC
:10B2D0007040FFF773BF29463046FFF76FFF2068C5
:10B2E000BDE8704000231A46194605F0AFBA0000C9
:10B2F000240000202DE9F8430020451E8DF80000B1
:10B300002E46074604464FF4805821020122684623
:10B3100001F58011FDF716FE9DF80000A52803D069
:10B32000FF2806D028B107E07F1C701C04D12646F8
:10B3300002E0681C00D12546641C4445E5D30E4953
:10B34000701CCF600CD04E60681C13D028468860FB
:10B350003B462A4631460948FDF742FFBDE8F883DF
:10B36000681C00D0284648608860294604A0FDF784
:10B3700037FFF3E73046EAE75C0100205C5C030836
:10B38000444542554720666C6173685F73746F7201
:10B39000655F72657363616E3A20454D5054592064
:10B3A0002866697273745F656D7074793D256C757C
:10B3B000290D0A0003490A685206FCD5C2B24A6048
:10B3C00070470000001001402DE9F0418846A8B305
:10B3D000B8F1000F33D085680AB90AE02D686DB363
:10B3E000296A59B34046F4F7AAFF0028F6D120E0B5
:10B3F0002D681DB32E6A5FEA0804F9D0002EF7D03D
:10B40000B44218D002E098B1641C761C2078F4F79E
:10B4100047FF07463078F4F743FF87422078F2D0A1
:10B42000F4F73EFF04463078F4F73AFF8442DFD168
:10B4300025B1286A10B12846BDE8F081FFE7002059
:10B44000FAE72DE9F041DEB00E4607461C461546E8
:10B45000402134A8DDF89081F4F741FF402144A851
:10B46000F4F73DFF402E0DD91AA803F0FFFE324637
:10B4700039461AA803F090FF54A91AA803F09CFEBD
:10B4800054AF14263246394634A8F4F70FFF32463B
:10B49000394644A8F4F70AFF002034A944AA0B5CFB
:10B4A00083F036030B54135C83F05C031354401C8D
:10B4B0004028F4D3684603F0D9FE402234A96846F8
:10B4C00003F06AFF22462946684603F065FF59A942
:10B4D000684603F071FE684603F0C8FE402244A9A6
:10B4E000684603F059FF142259A9684603F054FF37
:10B4F0004146684603F060FE5EB0BDE8F0810000A2
:10B5000070B586B0F8F7BEFCFDF708F8FDF7DCFC77
:10B51000FDF74CFD0446014636A0FDF761FEA4F59B
:10B520006F40183807D0A4F56F40173803D0A4F542
:10B530006F40163802D1344901200870FFF746FDEC
:10B540000020FDF719F810244FF4FA7517E02FA02A
:10B55000CDE900401023C822BE211E20FBF74DFC80
:10B560002846FFF75FFC2FA0CDE900401023C8223A
:10B57000BE211E20FBF741FC2846FFF753FCF5F7E0
:10B5800020FF0028E3D12D4E1F25E80230602CA0BB
:10B59000CDE900401023C822BE211E20FBF72DFC60
:10B5A0002BA03560CDE900401023C822DC211E20ED
:10B5B000FBF723FC28A0CDE900401023C822FA2184
:10B5C0001E20FBF71AFC26A0CDE900401023C8225C
:10B5D0004FF48C711E20FBF710FC02AA22A126A0BA
:10B5E00004F04AFEFEF700FE002004F0D7FB06B090
:10B5F00070BD0000573235512049443A203078253B
:10B600003034580D0A0000005C01002041503332F4
:10B6100031364320436865636B204661696C65641D
:10B6200021000000506C6561736520436865636BA1
:10B630002120202020202020200000005400002075
:10B640004150333231364320526561647921000024
:10B650002049523A000000002050533A00000000F8
:10B66000414C533A000000007A68616E676C616E6D
:10B6700078696F6E67000000617269002DE9F04122
:10B680000B3020F00706104D19E02068B04215D3AA
:10B69000B0420AD9871B201DD4F80480F4F706FEB7
:10B6A000A019C0E90078286004E060682860201DC7
:10B6B000F4F7FCFD201D2660BDE8F081251D2C68F7
:10B6C000002CE2D10020F7E7880100202DE9F041AD
:10B6D0004FF0000716460D460400177040D0FEF7E5
:10B6E000A5FF0028204604D0FEF7C2FF05E0287021
:10B6F00040E0FEF7A2FF20B160690028F7D00120EA
:10B70000F5E72046FEF7ABFF50B3206940B31AA11E
:10B71000F4F715FE4FF0010828B318A12069F4F7DB
:10B720000EFE00B316A12069F4F709FED8B115A1E9
:10B730002069F4F704FEC8B113A12069F4F7FFFDF6
:10B74000A0B112A12069F4F7FAFD78B110A1206927
:10B75000F4F7F5FD60B110A12069F4F7F0FD38B100
:10B760000020BDE8F08185F8008003E02F7001E043
:10B7700086F800800120F4E76F6E00004F4E000055
:10B78000310000006F6666004F4646003000000042
:10B79000746F67676C650000544F47474C45000065
:10B7A00070B50D4604001FD0F5B1FEF746FF88B115
:10B7B00094ED060B9FED131B51EC100B53EC112B6A
:10B7C000F5F728F910D994ED060B51EC100BF5F7AD
:10B7D00007F90BE02046FEF742FF28B1206918B1B7
:10B7E000F4F7ACFF002801DC002070BDC82801D2AE
:10B7F000C82004E04EF66021884200D9084628603F
:10B80000012070BD00000000000000000EB5294FAF
:10B81000294E042004F022FD0023642201A9386887
:10B8200004F0FEFE012841D1002364221946306A4B
:10B8300004F0F6FE012839D14FF6FF74EC2366229E
:10B84000DC213E200094F8F7EDFA10250095BDF8B4
:10B8500004200523DC213E20FBF794FA4FF4857386
:10B860006622FA213E200094F8F7DCFA0095BDF834
:10B8700006200523FA213E20FBF784FA00944FF4BA
:10B880008C744FF49473662221463E20F8F7CAFA6E
:10B890000095BDF80820052321463E20FBF772FAEB
:10B8A00000231A461946306A04F0D0FF322004F013
:10B8B0003FFAAEE77C010020000000201CB51749CC
:10B8C00015480860F6F768FB0320F6F735FD0823F6
:10B8D000022219214FF4B470FCF7B0FFB420FFF737
:10B8E0004FFA4FF4E13003F043FFFBF7DBFAF8F7D0
:10B8F000D3F8FCF78FFE0AA0FDF772FC0C4901207B
:10B90000CDE90001002380220AA10D4805F016F9B7
:10B9100004F06EFBFEE700000000020808ED00E006
:10B920007265736574202076352E370D0A0000008D
:10B930000000002073746172745F7461736B0000A7
:10B94000E1F3020870B50446224D39E0FEF7FEFD32
:10B950000646A088F5F718F841EC100B1EA13046FA
:10B96000FEF788FD2088F5F70FF841EC100B1BA1BE
:10B970003046FEF77FFD6088F5F706F841EC100BC6
:10B9800017A13046FEF776FD00234FF48072E11DCB
:10B990003046FEF705FF80B1E01DF4F7C9FC81B227
:10B9A000E01DFFF785FCD4F834110E48491CC4F89B
:10B9B000341102680C48FDF713FC3046FEF7EAFD2F
:10B9C00000231A462146286804F02AFE0128BDD02B
:10B9D00070BD000080010020616C7300697200007E
:10B9E00070730000680100204C5B030810B596B02E
:10B9F00004464FF4EE71F4F772FC4FF47A70C4F819
:10BA000010014001C4F8140141F28830C4F8280143
:10BA10004FF4FA60C4F82C0158220D496846F4F737
:10BA200045FC5822694604F5A470F4F73FFC002158
:10BA3000C4F8A81104F5C070C4F8AC11C4F8B01172
:10BA400041638163C1630120A4F8C80116B010BD31
:10BA5000F45703082DE9F0410446807901260F468A
:10BA600001282CD0022828D1194D686800281ADB3B
:10BA7000A878C0B171021748FCF743FBC4F8A401D1
:10BA8000002804DD02461349686803F057FE686821
:10BA900003F076FD4FF0FF3068600020A8706870FA
:10BAA0000DA0FDF79DFB84F81C6107F2DC574FF4F5
:10BAB0007A70C4F81871C4F81001BDE8F08184F8F8
:10BAC0001C611670BDE8F04109A0FDF789BB0000BC
:10BAD000540100206CED00204D51545420446973F2
:10BAE000636F6E6E6563746564210D0A000000006B
:10BAF000436F6E6E656374696E6720746F204D517D
:10BB000054542042726F6B65722E2E2E0D0A000067
:10BB10002DE9F047274F04460D46B878002834D069
:10BB20007868002831DB94F8301141F288304FF00A
:10BB3000000A4FF0FF394FF001082E1841B1D4F838
:10BB40002401D4F82C11281A88421ED91AA01FE00B
:10BB5000D4F82001D4F82811281A884215D94FF4B6
:10BB600000711B48FCF7D0FAC4F8A40100280EDDD0
:10BB700002461749786803F0E1FDD4F8A411884221
:10BB800005D184F83081C4F82451BDE8F08711A0B4
:10BB9000FDF726FB786803F0F3FCC7F8049087F8FC
:10BBA00002A084F830A187F801A084F84081C4F88D
:10BBB0004461EAE7540100204D5154542050696E0D
:10BBC000672054696D656F7574210D0A00000000CF
:10BBD0006CED00204D5154542050696E6720536520
:10BBE0006E64204661696C6564210D0A00000000E6
:10BBF000F0B52A4E044689B0306800283ED00025B2
:10BC0000ADF81C5008AB07AA4FF48071E01D0895F1
:10BC1000FFF7AAFA002831D0BDF81C1020A0326826
:10BC2000FDF7DEFABDF81C20E11D27A0CDE9045187
:10BC3000CDE902050692002300951A464FF40071E3
:10BC40002B480195FCF763FAC4F8A401002815DD20
:10BC5000284F02462649786803F070FDD4F8A411F5
:10BC600088420ED124A03168FDF7BAFA0898FFF790
:10BC700015FAD4F83801401CC4F83801012009B085
:10BC8000F0BD26A0FDF7ACFA786803F079FC4FF020
:10BC9000FF307860BD707D700020F0E76801002003
:10BCA000526561642066726F6D20466C6173683AFC
:10BCB000206C656E3D25642C2070656E64696E672E
:10BCC0003D256C750D0A0000247379732F58486D5B
:10BCD000356C74723971412F64302F7468696E67E6
:10BCE0002F70726F70657274792F706F73740000AB
:10BCF0006CED002054010020466C617368204461A3
:10BD000074612053656E74204F4B202870656E64FB
:10BD1000696E673D256C75290D0A000053656E64D8
:10BD200020466C6173682044617461204661696CCF
:10BD30006564210D0A000000F0B5044601464D4837
:10BD400087B000233222006804F06AFC012877D112
:10BD5000FEF7FCFB074648A248A1FEF7A3FB48A25A
:10BD600048A13846FEF79EFBFEF7F0FB0646FEF7BD
:10BD7000EDFB0546A088F4F707FE41EC100B43A14C
:10BD80002846FEF777FB2A4642A13046FEF768FBBD
:10BD9000FEF7DCFB05462088F4F7F6FD41EC100BBE
:10BDA0003AA12846FEF766FB2A463BA13046FEF73D
:10BDB00057FBFEF7CBFB05466088F4F7E5FD41EC49
:10BDC000100B32A12846FEF755FB2A4633A1304618
:10BDD000FEF746FB324632A13846FEF741FB002310
:10BDE0004FF48072E11D3846FEF7DAFC10B92EA040
:10BDF000FDF7F6F93846FEF7CDFB002630A5E01D2D
:10BE0000F4F796FAE11DCDE904610690CDE90256FA
:10BE1000002300961A464FF4007133480196FCF750
:10BE200076F9C4F8A401002821DD304D02462E49E0
:10BE3000686803F083FCD4F8A411814207D100E0C4
:10BE400013E02BA007B0BDE8F040FDF7C9B92EA064
:10BE5000FDF7C6F9A878002807D0686803F090FBC2
:10BE60004FF0FF306860AE706E7007B0F0BD2CA070
:10BE7000E8E70000800100203132330069640000EF
:10BE8000312E300076657273696F6E0076616C7565
:10BE900065000000616C730069720000707300003F
:10BEA000706172616D7300004A534F4E2050726989
:10BEB0006E74204661696C6564210D0A0000000003
:10BEC000247379732F58486D356C74723971412F12
:10BED00064302F7468696E672F70726F706572744A
:10BEE000792F706F737400006CED002054010020F6
:10BEF0004D515454205075622041503332313643F5
:10BF0000204F4B0D0A0000004D51545420507562D3
:10BF10002053656E64204661696C6564210D0A00DA
:10BF20004D515454205075622053657269616C699B
:10BF30007A65204661696C6564210D0A0000000085
:10BF40002DE9F04F894604464FF4007B85B05A46F0
:10BF50004449002003F090FBC4F8A401002873DDDD
:10BF6000002504F5E97AC4F8209169E001213D4EED
:10BF70000022A3EB050C08462E44BCF1020F63DB44
:10BF80004FF4001884455FDD335C401C03F07F07ED
:10BF900007FB0122C901414556DC1B06F2D4871874
:10BFA000002F51DDBC454FDB04F5EC7002AA011FE8
:10BFB00082E8C1003038CDE900010A1F5346083934
:10BFC0002230FBF7BAFE20B3D4F8D4010090D4F8A5
:10BFD000D831F4E96B1224A0FDF702F9A08D81B2EB
:10BFE000A06AFEF771FC206AA4F5D674002826DD4D
:10BFF000B4F8D20100900023042259462448FBF7EC
:10C0000094FF021E1BDD23482149406803F096FB84
:10C0100015E004F5E0731A1D01215046CDE90067D3
:10C02000FBF7D1FE08B11CA018E0307801090D29FA
:10C030000DD0092911D03A461FA0FDF7D1F83D4493
:10C04000D4F8A431AB4291DC05B0BDE8F08F0020FC
:10C0500084F83001C4F82091F1E720A0FDF7C0F882
:10C06000EDE700006CEF00204D5154542052656301
:10C07000763A20546F7069633D252E2A732C205028
:10C0800061796C6F61643D252E2A730D0A000000F2
:10C090006CED0020540100204D5154542053756222
:10C0A0007363726962652041434B20526563656921
:10C0B0007665642E0D0A00004D51545420525820CC
:10C0C00049676E6F7265642028547970653D2564F8
:10C0D0002C204C656E3D2564290D0A004D515454A9
:10C0E0002053554241434B20526563656976656430
:10C0F0000D0A0000F8B06846FFF778FC3C4E41F2AC
:10C1000088370025012004F0A9F80020F7F704FD86
:10C110008DF8060004F04CFD04468DF8DC514F9874
:10C12000201AB84207D93348DDE94D12036832A01E
:10C13000FDF756F84F9477AA21466846FFF78AFC28
:10C14000307808B37068002816DBB078A0B14FF4DF
:10C1500000713548FBF7D5FF6990002804DD0246E1
:10C160003149706803F0EAFA706803F009FA4FF099
:10C17000FF307060B57075703570FCF7B7F804F576
:10C180007A741420469423E09DF8DC212146684609
:10C1900000F056F80028684617D0FFF729FDB0B127
:10C1A00021466846FFF7B4FC6846FFF7C5FD214607
:10C1B0006846FFF7C5FE1D4800231A46006842A9DD
:10C1C00004F02EFA012802D105E0FFF7BBFB0A209C
:10C1D00003F0AEFD96E7FDF7EBFF43900028F6D0A5
:10C1E000014613A0FCF7FCFFFDF7FEFFEFE70000A0
:10C1F000540100206801002063616368655F746F0B
:10C2000074616C3D256C752C2073656E745F746F62
:10C2100074616C3D256C752C2070656E64696E6769
:10C220003D256C750D0A00006CED00201C000020FF
:10C2300055415254204D73673A2025730000000089
:10C240002DE9FF5F814F04460D46B87810B178683C
:10C2500000287DDA4FF0000887F8018042B994F891
:10C260001C01002827D0D4F8180108B1A84222D810
:10C2700094F8401141F288302E1869B1D4F8440185
:10C2800008B1A84208D872A175A0FDF7B9FE80B91F
:10C2900084F84081C4F844817248FDF70BFE4FF0EA
:10C2A000010948B16AA16EA0FDF7AAFE20B184F889
:10C2B0004091C4F84461C7E0FDF796FF6AA0F4F727
:10C2C0003DFA01466AA003F011FA4FF47A7A7860D9
:10C2D000002809DA6DA0FCF783FF87F8028084F854
:10C2E0004091C4F8446197E06FA0FCF779FF4FF4E8
:10C2F000FA70FEF761FD042084F8500175A0C4F8BF
:10C3000054013C20A4F8600184F8629184F86381B0
:10C3100071A0C4F8880173484FF4007BC4F89401FD
:10C32000464604F5A47259466F48FBF723FE4FF0CA
:10C33000FF38C4F8A401002808DD02466A4978687D
:10C3400003F0FCF9D4F8A411884208D0786800E022
:10C350005AE003F015F9C7F80480BE705CE0634A48
:10C3600059466348FBF7BAFDC4F8A40100284FDD25
:10C37000034604F2A1115E4A481EFBF7B0FC0028F8
:10C3800046D094F8A11151B15AA0FCF729FF786862
:10C3900003F0F6F8C7F80480BE707E703CE060A041
:10C3A000FCF71EFF87F80290484687F80190C4F812
:10C3B0002051C4F810A1C4F81861C4F8245184F8BD
:10C3C00030615CA1C4F8B41103AA04F5DA718DE8F8
:10C3D0004700B4F8C8310022581CA4F8C8015946D7
:10C3E0004148FBF7E6FEC4F8A401002807DD024639
:10C3F0003D49786803F0A2F958A0FCF7F1FEB8783F
:10C4000050B1786800281FDB012004B0BDE8F09F20
:10C4100058A0FCF7E5FEBAE794F81C01A0B1D4E9F6
:10C420004410814202D24900C4F81011814201D85F
:10C43000084601E0C4F810014FF47A714843B0FB9C
:10C44000FAF02844C4F818010020DEE75401002067
:10C450007A68616E676C616E78696F6E6700000064
:10C46000617269006CF1002031383833000000003F
:10C4700073747564696F2D6D7174742E6865636C67
:10C480006F7564732E636F6D000000005472616EEF
:10C4900073706F7274204F70656E204661696C65B1
:10C4A00064210D0A0000000054435020436F6E6E5B
:10C4B00065637465642C20456E74657265642054F0
:10C4C00072616E73706172656E74204D6F64652E5B
:10C4D0000D0A00006430000058486D356C747239E4
:10C4E000714100009C5B03086CED0020BDF5020863
:10C4F0006CEF00204D51545420436F6E6E65637491
:10C500002052656A656374656420627920536572A0
:10C51000766572212052433D25640D0A000000001B
:10C520004D51545420436F6E6E6563746564210DE4
:10C530000A000000247379732F58486D356C7472AB
:10C540003971412F64302F7468696E672F70726F74
:10C5500070657274792F7365740000004D515454E6
:10C56000205375627363726962652053656E742E21
:10C570000D0A00004D51545420526563656976657B
:10C5800020434F4E4E41434B2054696D656F757487
:10C59000206F72204572726F72210D0A0000000038
:10C5A0002DE9F047A6B0814600201F4692468846F6
:10C5B0002590F5F77DFC4FF47A71B0FBF1F042491C
:10C5C00042A209688DE80403451805F56166334603
:10C5D00040A2C0214348FCF713FE041E58DDC02CC6
:10C5E00056DA25AB6022404940A0FDF724FE002822
:10C5F00052D020A8009023463A4A3B482599FEF79E
:10C6000020FF394A4023C03A142120A8FDF792FEAA
:10C6100000283ED0344980228039A1F1400003F047
:10C62000D1F8002835D02F496022C031404603F0B0
:10C63000C9F800282DD0182214A924A003F0C2F8AC
:10C64000002826D0202204A9484603F0BBF8002881
:10C650001FD033462EA218211AA8FCF7D1FD2022A4
:10C660000CA91AA803F0AEF8002812D01E4B14AA89
:10C67000803B0CA9A3F1A0008DE80F0004AB25A21C
:10C6800039465046FCF7BCFD002801DDB84207DB07
:10C69000002026B0BDE8F08729A0FCF7A1FDF7E750
:10C6A000259800904FF46163324629462BA0FCF791
:10C6B00097FD0C4935A0FCF793FD514638A0FCF7D7
:10C6C0008FFD0120E5E700000C0100207368613157
:10C6D00000000000256C750A25730A25730A25736E
:10C6E000000000002CEB00200CED0020393538351F
:10C6F0003930666364633538343433316234383307
:10C700006230303163393937393439320000000052
:10C71000256C750076657273696F6E3D25732672A0
:10C7200065733D25732665743D2573266D657468B4
:10C730006F643D2573267369676E3D2573000000A5
:10C740004F544120617574683A2062363420646524
:10C75000636F6465206661696C0D0A004F54412067
:10C76000617574683A206E6F773D256C752065742D
:10C770003D256C752074746C3D256C75206B657956
:10C780005F6C656E3D256C750D0A00004F544120AD
:10C79000617574683A207366733D25730D0A000055
:10C7A0004F544120617574683A20746F6B656E3D1B
:10C7B00025730D0A0000000070B588B0040040D059
:10C7C000207800283DD0214645A0FCF709FD4FF414
:10C7D00080734A4A4AA14EA0FFF7E2FEA8B147483B
:10C7E0004EA1CDE9031055A0009052A2CDE901421F
:10C7F00053A3564A4FF440715548FCF701FD031E00
:10C8000005DC54A0FCF7ECFC1BE059A0FAE75E48FD
:10C810004FF47A624FF4C8618DE807004C4A50210A
:10C820003EA000F0F7FD041E014601DC57A006E023
:10C83000554800F07FFE0146C82805D05AA0FCF7F5
:10C84000CFFC002008B070BD0025059506AB05AAF9
:10C8500021464D48069500F0BCFDE0B1069CB4F5BC
:10C86000806F01D340F2FF34224656480599F3F712
:10C870001DFD54480555FDF70FFF05000DD00024A0
:10C8800051A1FDF7ABFE0646FDF7D7FE00281ED0EE
:10C89000706928B11BE04EA0B4E74A4951A0CEE729
:10C8A00059A12846FDF79AFE59A1FDF797FE0646C5
:10C8B000FDF7C3FE58B158A07169FCF791FC72698D
:10C8C000012A03D0022A01D0032A00D101242846DC
:10C8D000FDF760FE214658A0FCF782FC2046B1E738
:10C8E0004F5441207461736B3A20636865636B2019
:10C8F0007469643D25730D0A000000006CDA0020A5
:10C900007573657269642F3439383637300000002A
:10C91000323032322D30352D30310000696F742DB8
:10C920006170692E6865636C6F7564732E636F6DDB
:10C930000000000056352E37000000006430000073
:10C9400058486D356C74723971410000D458030831
:10C950006CDB00204F5441207461736B3A20627588
:10C96000696C6420726571206661696C0D0A000053
:10C970004F5441207461736B3A206175746820666E
:10C9800061696C0D0A0000006CDE00204F544120EC
:10C990007461736B3A2068747470206661696C20EE
:10C9A0006E3D25640D0A00004F5441207461736B85
:10C9B0003A20626164207374617475733D25640D5F
:10C9C0000A000000ACE40020636F64650000000012
:10C9D0004F5441207461736B3A206E6F20626F6414
:10C9E000790D0A004F5441207461736B3A207061D5
:10C9F000727365206A736F6E206661696C20626F66
:10CA000064793D25730D0A006461746100000000C3
:10CA100073746174757300004F5441207461736BBB
:10CA20003A2072656D6F7465207374617475733D1F
:10CA300025640D0A000000004F5441207461736B9F
:10CA40003A2072656164793D25640D0A000000009A
:10CA50002DE9F04F87B0050023D000264FF4807BEE
:10CA6000B04680212846F3F73AFC93A0FCF7B8FBC8
:10CA70005B46974A97A19BA0FFF792FD90B1944B1C
:10CA80009BA2A1A1A2A08DE80F00A2A3A44A4FF4EB
:10CA90004071A448FCF7B4FB041E05DCA2A0FCF71F
:10CAA0009FFB6AE0A7A0FAE7014697A2ABA0FCF7BC
:10CAB00097FBB4484FF4FA524FF4C8618DE8070071
:10CAC0002346984A50218AA000F0A4FC041E014687
:10CAD00001DCADA04FE0AB4800F02CFD074601465D
:10CAE0002246B0A0FCF77CFBC82F01D0B7A0D6E748
:10CAF0004746CDF8108005AB04AA2146A148CDF8E1
:10CB0000148000F066FC88B3059CB4F5806F01D3F7
:10CB100040F2FF342246B3480499F3F7C7FBB1480B
:10CB20000755FDF7B9FD5FEA000A22D04FF0000972
:10CB3000ADA15046FDF752FD0446FDF77EFD68B1FC
:10CB4000ABA06169FCF74CFB6069A0F52051A339EB
:10CB500004D1A44801F05AF800B196B12046FDF77F
:10CB60006CFD002801D0606998B19CE0FFE7A6A0A9
:10CB700095E79C49AAA0FCF733FB002007B0BDE86D
:10CB8000F08F5046FDF706FDAFA0FCF729FB01260C
:10CB900067E7B6A15046FDF721FD0646B5A1FDF7B2
:10CBA0001DFD0090B4A13046FDF718FD8346B4A1E9
:10CBB0003046FDF713FD0746B3A13046FDF70EFDE5
:10CBC0000446B3A13046FDF709FD06465846FDF779
:10CBD00034FD002867D0DBF81400012803D00228B8
:10CBE00001D003285FD13846FDF739FD00285AD01F
:10CBF0002046FDF722FD002855D03046FDF72FFDD9
:10CC0000F0B394ED060B51EC100BF3F7E9FEB8B35B
:10CC100005F13000396917220190F3F77DFB05F12A
:10CC20004800316920220646F3F776FB94ED060BA7
:10CC300051EC100BF3F7D4FEE8673046F3F778FBBE
:10CC4000202830D105F16907D6B1CFB1002416F8FC
:10CC5000140000F0A9FB804606EB4400407800F089
:10CC6000A3FBB8F1000F1BDB002819DB40EA08101A
:10CC70003855641C102CEADB30222946009800E06D
:10CC800011E000F089FC58B1DBF8140000904FF07F
:10CC90000109EB6F29467FA0019AFCF7A1FA06E093
:10CCA000B9F1000F03D14F4989A0FCF799FA50461A
:10CCB000FDF770FC484661E74F54412063686563A7
:10CCC0006B3A206275696C6420617574680D0A00A6
:10CCD0006CDA00207573657269642F343938363721
:10CCE00030000000323032322D30352D303100002E
:10CCF000696F742D6170692E6865636C6F756473FC
:10CD00002E636F6D0000000056352E3700000000C6
:10CD10006430000058486D356C7472397141000000
:10CD2000405903086CDB00204F5441206368656361
:10CD30006B3A206275696C64207265712066616966
:10CD40006C0D0A004F544120636865636B3A2061A3
:10CD5000757468206661696C0D0A00004F544120AB
:10CD6000636865636B3A2073656E64207265712039
:10CD70006C656E3D25642076657273696F6E3D2526
:10CD8000730D0A006CDE00204F5441206368656318
:10CD90006B3A2068747470206661696C206E3D2562
:10CDA000640D0A004F544120636865636B3A206844
:10CDB000747470207374617475733D25642072659A
:10CDC00073705F6C656E3D25640D0A004F54412001
:10CDD000636865636B3A2062616420737461747583
:10CDE000730D0A00ACE40020636F6465000000006E
:10CDF0004F544120636865636B3A20636F64653DFF
:10CE000025640D0A000000004F54412063686563EB
:10CE10006B3A206E6F20626F64790D0A000000008B
:10CE20004F544120636865636B3A2070617273658B
:10CE3000206A736F6E206661696C20626F64793D51
:10CE400025730D0A000000004F544120636865639C
:10CE50006B3A207265747279206166746572207411
:10CE6000696D652073796E630D0A000064617461F9
:10CE700000000000746964007374617475730000CD
:10CE8000746172676574000073697A650000000060
:10CE90006D6435004F544120636865636B3A2068C8
:10CEA000617320706B67207469643D257320746121
:10CEB000726765743D25732073697A653D256C75CD
:10CEC000207374617475733D25640D0A00000000C1
:10CED0004F544120636865636B3A206E6F20766122
:10CEE0006C696420706B672C20626F64793D2573D8
:10CEF0000D0A00002DE9F04FA9B004002FD04FF427
:10CF00008073814A81A185A0FFF74AFB68B1E06F79
:10CF100028B1FBF7DCF90146E06F814207D2FBF74D
:10CF2000D6F9024680A0E16F36E089A015E0FBF754
:10CF3000D1F988B1002504F13003A8469B4621466B
:10CF40008AA0E26FFCF74CF90021204600F0C2FBFA
:10CF50004FF4407AA94685E090A0FCF741F96AE0D9
:10CF600005F2FF36B04200D8461E674894A1CDE9CD
:10CF7000046099A000900395CDE9014197A39A4AD6
:10CF8000574651469948FCF73BF9031E01DDBB4269
:10CF900005DB3246294696A0FCF722F94BE0A14872
:10CFA00042F6E0624FF4C8618DE807008F4A5021D5
:10CFB00083A000F02FFA071E03DC024629469AA040
:10CFC000EAE70146974800F0B5FA0146CE2805D0B9
:10CFD000C82903D03B462A469EA02AE0CDF874908B
:10CFE0001CAB1DAA39468F48CDF8709000F0F1F9BE
:10CFF000B8B1731B1C9E5B1C9E4200D91E46AEB18D
:10D00000324628461D99FBF755FAC0B135446420D5
:10D01000E16F6843B0FBF1F6642E14D94FF064065B
:10D0200016E0294697A0FCF7DBF804E029469EA00D
:10D030001C9AFCF7D5F8002029B0BDE8F08F3246E5
:10D040002946A9A0A8E703D008F10A00864204D324
:10D050003146204600F03EFBB0462946AFA0E26FC5
:10D06000FCF7BEF8E06FA8423FF67AAF06A8FAF7E1
:10D070008FFA00254FF400770EE0461BBE4200D920
:10D080003E463246AB492846FBF7B2F93246A9493B
:10D0900006A8FAF7E9FD3544E06FA842EDD825A9C6
:10D0A00006A8FAF74FFA04F1690110220D4625A8E7
:10D0B000F3F753F9D0B1A04A25AB1CA95268002060
:10D0C00001EB40061D5C02EB15152D7801F81050A0
:10D0D0001D5C401C05F00F051028555D7570EFDBD9
:10D0E00081F8209004F1480294A055E723465A465F
:10D0F0002946E06FFBF78CF920B19AA0FCF770F895
:10D10000012099E79EA028E76CDA0020757365720C
:10D1100069642F343938363730000000323032320B
:10D120002D30352D303100004F544120646F776E23
:10D130006C6F61643A206261642073697A653D2591
:10D140006C75206D61783D256C750D0A000000003E
:10D150004F544120646F776E6C6F61643A20617543
:10D160007468206661696C0D0A0000004F5441200C
:10D17000646F776E6C6F61643A20737461727420AF
:10D180007469643D25732073697A653D256C75204B
:10D190007461726765743D25730D0A004F54412018
:10D1A000646F776E6C6F61643A2070726570617243
:10D1B000652061726561206661696C0D0A0000007E
:10D1C000696F742D6170692E6865636C6F75647327
:10D1D0002E636F6D000000006430000058486D350C
:10D1E0006C74723971410000A45903086CDB002093
:10D1F0004F544120646F776E6C6F61643A206275A2
:10D20000696C6420726571206661696C206F666666
:10D210007365743D256C7520656E643D256C750DD8
:10D220000A0000006CDE00204F544120646F776ECE
:10D230006C6F61643A2068747470206661696C2058
:10D240006F66667365743D256C75206E3D25640DB3
:10D250000A0000004F544120646F776E6C6F616468
:10D260003A20626164207374617475733D25642093
:10D270006F66667365743D256C75206E3D25640D83
:10D280000A0000004F544120646F776E6C6F616438
:10D290003A206E6F20626F6479206F6666736574E2
:10D2A0003D256C750D0A00004F544120646F776E68
:10D2B0006C6F61643A2077726974655F6C656E3D6E
:10D2C00030206F66667365743D256C7520626F64EF
:10D2D000795F6C656E3D256C75206578706563744B
:10D2E0003D256C750D0A00004F544120646F776E28
:10D2F0006C6F61643A20666C617368207772697440
:10D3000065206661696C206F66667365743D256C87
:10D3100075206C656E3D256C750D0A004F544120DB
:10D32000646F776E6C6F616420256C752F256C754A
:10D330000D0A00002CE900200C0100204F54412070
:10D340006D6435206D69736D61746368206C6F6303
:10D35000616C3D25732072656D6F74653D25730D9D
:10D360000A0000004F544120646F776E6C6F616457
:10D370003A20766572696679206F6B0D0A000000AD
:10D380004F544120646F776E6C6F61643A2073650F
:10D39000742070656E64696E6720696D61676520D1
:10D3A0006661696C0D0A0000A0F13001092901D8FD
:10D3B00008467047A0F16101052901D85738704728
:10D3C000A0F14101052901D8373870474FF0FF30EF
:10D3D000704770B5A0B19AB193B100240DE0055D1E
:10D3E0000D2D09D105196E780A2E05D1AE780D2EB6
:10D3F00002D1ED780A2D05D0641CE51C8D42EED3D8
:10D40000002070BD2044001D1060081B001F186024
:10D41000012070BD2DE9FF5FDDE90E76DDF840B03B
:10D420000098984615464FF0FF3438B135B12FB10A
:10D4300026B102F05BF95FEA000A03D504B020468A
:10D44000BDE8F09F4246294602F078F9404551D1A7
:10D450000024F4F72DFD8046C146002520E0B442AB
:10D4600024D2321B3919002002F006F900280CDD05
:10D470000444F4F71DFD814695B92146384600F075
:10D4800059F800280CDD01250AE034B1F4F710FD4D
:10D49000A0EB0900B0F5967F09D80A20FDF78CFCB7
:10D4A000F4F706FDA0EB08015945D8D314B3214683
:10D4B000384600F03FF800281CDA2646782C00D9C0
:10D4C000782622460DA00099FBF78AFE00250CE085
:10D4D000795DA1F120005E2803D813A0FBF780FE40
:10D4E00002E012A0FBF77CFE6D1CB542F0D310A049
:10D4F000FBF776FE504602F043F89FE74F54412079
:10D50000687474703A206E6F207374617475732040
:10D51000686F73743D257320757365643D256C7564
:10D520002064756D703D0000256300002E00000032
:10D530000D0A000030B44FF0FF34C0B10C2916D3EF
:10D54000002210E0835C482B0CD183185D78542DA9
:10D5500008D19D78542D05D1DD78502D02D11B794D
:10D560002F2B0DD0521C02F10B038B42EAD3204625
:10D5700030BC7047835C202B05D00A2BF7D0521C9F
:10D580008A42F7D3F3E7D31C8B42F0D2104430BC6D
:10D59000401CF3F7D3B800002DE9F04114460D000C
:10D5A000064623D014B300272F70FDF758F860B15A
:10D5B000316951B1621E2846F2F7AEFE281900F813
:10D5C000017C287880B9BDE8F0813046FDF735F858
:10D5D0000028F8D006A2214628467369FBF710FE02
:10D5E000002803DDA04201DA0120ECE70020EAE791
:10D5F000256400002DE9F041154628B321B31DB381
:10D600000C46B1F5806F01D340F2FF34014622464B
:10D610000E48F2F74BFE0D49002008550846FDF76D
:10D620003BF8060010D0002409A1FCF7D7FF0746FD
:10D63000FDF703F810B17869012428603046FCF743
:10D64000A9FF2046BDE8F0810020FBE7ACE4002004
:10D65000636F64650000000070B5F0B1E9B10C467D
:10D66000B1F5806F01D340F2FF34014622461448E1
:10D67000F2F71CFE1249002008550846FDF70CF889
:10D68000051E0BD000240FA1FCF7A8FF0646FCF7EF
:10D69000D4FF28B1706910B102E0002070BD0124F0
:10D6A0000AA12846FCF79AFF0646FCF7C6FF10B110
:10D6B000706900B901242846FCF76CFF204670BD54
:10D6C000ACE400206572726E6F000000636F6465E9
:10D6D0000000000070B58AB00D46040068D02078C4
:10D6E000002865D04FF480733A4A3BA13EA0FEF774
:10D6F00057FF00285DD02B463EA280214048FBF713
:10D700007FFD3F48F2F714FE3D49324ACDE904015E
:10D710003CA342A0CDE90232CDE9000440A3434A34
:10D720004FF440714248FBF76BFD031E02DC2946B3
:10D7300040A03BE0494840F6B8324FF4C8618DE85C
:10D7400007003B4A50212FA0FFF764FE041E03DCB4
:10D750000246294642A009E001464048FFF7EAFE9A
:10D760000246C838642804D3294647A0FBF738FD91
:10D770001EE00026079606AB07AA21463748069604
:10D78000FFF727FE80B1DDE9061008AA0896FFF72B
:10D7900031FF80B1294647A0089AFBF721FD089880
:10D7A000A8B1142813D003E029464AA0FBF718FDBE
:10D7B00000200AB070BDDDE90610FFF74DFF0446FA
:10D7C000024629464BA0FBF70BFD2046F1E701205E
:10D7D000EFE700006CDA00207573657269642F341E
:10D7E0003938363730000000323032322D30352DA6
:10D7F000303100007B2273746570223A25647D000D
:10D80000ACE80020696F742D6170692E6865636CE7
:10D810006F7564732E636F6D00000000643000004C
:10D8200058486D356C74723971410000B85A03085C
:10D830006CDB00204F5441207374617475733A207F
:10D840006275696C6420726571206661696C207311
:10D850007465703D25640D0A000000006CDE002038
:10D860004F5441207374617475733A2068747470F6
:10D87000206661696C20737465703D2564206E3D7F
:10D8800025640D0A000000004F5441207374617438
:10D8900075733A20626164206874747020737465D3
:10D8A000703D2564207374617475733D25640D0AA1
:10D8B000000000004F5441207374617475733A2066
:10D8C000737465703D256420636F64653D25640D48
:10D8D0000A0000004F5441207374617475733A203C
:10D8E0006E6F20626F647920737465703D25640DDE
:10D8F0000A0000004F5441207374617475733A201C
:10D90000737465703D25642070617273655F636F29
:10D9100064655F6661696C206F6B3D25640D0A006C
:10D920002DE9F041002588B04FF480782E4643A0C1
:10D93000FBF756FC4346484A48A14CA0FEF730FE90
:10D94000002820D04CA000904BA34DA28021554828
:10D95000FBF756FC5348F2F7EBFC3F4A5149029261
:10D96000CDE9030150A356A0CDE9000355A3584AC1
:10D970004FF440715748FBF743FC041E05DC56A0EA
:10D98000FBF72EFC52E05CA0FAE7014661A0FBF732
:10D9900027FC684840F6B8324FF4C8618DE80700AC
:10D9A00023464C4A502140A0FFF734FD041E014697
:10D9B00003DC61A0FBF714FC38E05E48FFF7BAFD1A
:10D9C00007460146224664A0FBF70AFCC83F642FC5
:10D9D00001D36CA0D4E7059606AB05AA21465548AD
:10D9E0000696FFF7F6FC70B1DDE90501FFF734FE9E
:10D9F000044601466AA0069AFBF7F2FB2CB101200F
:10DA000008B0BDE8F08170A0BAE70796DDE905012E
:10DA100007AAFFF7EFFD48B10798A0F52051A339F9
:10DA200004D16F4800F0F2F800B10DB10020E7E733
:10DA30006CA0FBF7D5FB012579E700004F5441208E
:10DA400076657273696F6E3A206275696C642061E5
:10DA50007574680D0A0000006CDA00207573657239
:10DA600069642F34393836373000000032303232B2
:10DA70002D30352D3031000056352E370000000096
:10DA80007B22735F76657273696F6E223A2225730B
:10DA9000222C22665F76657273696F6E223A2225A8
:10DAA00073227D00ACE80020696F742D6170692ECF
:10DAB0006865636C6F7564732E636F6D00000000A2
:10DAC0006430000058486D356C7472397141000043
:10DAD000285A03086CDB00204F544120766572738E
:10DAE000696F6E3A206275696C6420726571206698
:10DAF00061696C0D0A0000004F5441207665727315
:10DB0000696F6E3A2061757468206661696C0D0AF0
:10DB1000000000004F54412076657273696F6E3AC1
:10DB20002073656E6420726571206C656E3D25649E
:10DB30000D0A00006CDE00204F54412076657273A0
:10DB4000696F6E3A2068747470206661696C206E2B
:10DB50003D25640D0A0000004F5441207665727324
:10DB6000696F6E3A20687474702073746174757391
:10DB70003D256420726573705F6C656E3D25640D94
:10DB80000A0000004F54412076657273696F6E3A47
:10DB900020626164207374617475730D0A00000063
:10DBA0004F54412076657273696F6E3A206A736FC5
:10DBB0006E206F6B3D256420626F64795F6C656ECB
:10DBC0003D256C750D0A00004F5441207665727337
:10DBD000696F6E3A206E6F20626F64790D0A0000E3
:10DBE000ACE400204F54412076657273696F6E3A41
:10DBF0002072657472792061667465722074696D33
:10DC0000652073796E630D0A0000000070B500286E
:10DC10002AD017A1F2F76EFB002825D00024224657
:10DC20006FF02F03001D06E004EB8404012203EBD8
:10DC300044040C44401C0178A1F13005092DF3D9AE
:10DC40009AB10D48844210D3F4F732F94FF47A7147
:10DC5000B0FBF1F2944208D90848A31A21460360A8
:10DC600007A0FBF7BDFA012070BD002070BD0000C9
:10DC70006E6F773D0000000000CA9A3B0C01002047
:10DC80004F544120617574683A2073796E63207334
:10DC90006572766572206E6F773D256C75207469AC
:10DCA000636B3D256C75206E65775F626173653DC2
:10DCB000256C750D0A0000002DE9F041074600268D
:10DCC000C8680C463546B0F57A7F5BD2401CE060F0
:10DCD0002168A068095C5B2954D1401CA0602046E3
:10DCE000FCF7A6FB4CB1D4E90110884203D22268AC
:10DCF000125C5D2A33D0884203D3A068401EA06026
:10DD000040E0401E04F11008A0604046FCF7B9FC5A
:10DD100098B30EB3286045600546A068401CA0601B
:10DD20002046FCF785FB2146284600F0E5F930B394
:10DD30002046FCF77DFB14B3D4E90110884203D2DE
:10DD40002168095C2C29E0D06268904217D22168D2
:10DD5000085C5D2813D102E006463546DDE7E06841
:10DD6000401EE06006B175602020C7E90260A0682F
:10DD7000401CA0600120BDE8F081FFE716B13046ED
:10DD8000FCF708FC0020F6E7034610B50020024629
:10DD9000995CA1F13004092C01D830380AE0A1F1D6
:10DDA0004104052C01D8373804E0A1F16104052CA9
:10DDB00008D857380844032A00D20001521C042A0C
:10DDC000E6D310BD002010BDF0B54FF000032DEDDF
:10DDD000028B91B005460C004FF02E0718461093A9
:10DDE0003DD02168D9B36E4627E022681144425CD9
:10DDF000342A1BD00ADCA2F12B01092923D2DFE847
:10DE000001F015221517221515151500382A0DD009
:10DE100006DC352A0AD0362A08D0372A13D105E085
:10DE2000392A03D0452A01D0652A0CD1325400E0AA
:10DE30003754401C3F2806D22CB1A168D4F804C046
:10DE40000A186245D1D3335410A93046FBF754FA6F
:10DE50001098B0EE408AF0EE608A864204D100202D
:10DE600011B0BDEC028BF0BD9FED130B85ED068B61
:10DE700053EC102B51EC180BF2F7E4FD02D86FF0C5
:10DE800000400FE09FED0E0B51EC180B53EC102BE4
:10DE9000F2F7C0FD02D84FF0004003E051EC180B40
:10DEA000F2F77FFD68610820E8601099A068891B7F
:10DEB0000844A0600120D3E70000C0FFFFFFDF415E
:10DEC000000000000000E0C12DE9F04107460026F7
:10DED000C8680C463546B0F57A7F78D2401CE060C1
:10DEE000002C74D0D4E90110884270D22168095CFA
:10DEF0007B296CD1401CA0602046FCF799FAD4E93C
:10DF00000110884203D22268125C7D2A4CD08842DC
:10DF1000A0F10100A0605AD204F110084046FCF7BD
:10DF2000B0FBE8B3F6B1286045600546A068401C28
:10DF3000A0602046FCF77CFA2146284600F049F80C
:10DF400078B32046FCF774FA28692862002028611B
:10DF50003CB3D4E90110884236D22168095C3A29E1
:10DF600032D102E006463546E0E7401CA06020467C
:10DF7000FCF75EFA2146284600F0BEF888B120463C
:10DF8000FCF756FAD4E90110884203D22168095CF3
:10DF90002C29C3D06268904216D22168085C01E047
:10DFA00011E011E07D280FD1E068401EE06006B16D
:10DFB00075604020C7E90260A068401CA060012095
:10DFC000BDE8F08103E016B13046FCF7E3FA00202B
:10DFD000F6E72DE9F84F8146D1F8088008684FF040
:10DFE000000ACDF800A0D1F800C000EB0804651CC1
:10DFF0001CF80800641C0E465746222876D10021E2
:10E00000706807E05C2B04D1521C82426AD2491C22
:10E01000641C641CA4EB0C02824202D22378222BE3
:10E02000F0D1A4EB0C0282425CD22078222859D194
:10E030000CEB0800201A401A3169401C8847070081
:10E0400054D000973DE029785C2905D000986D1CDC
:10E0500000F8011B009034E00221601B012841DB25
:10E060006878662814D008DC22281DD02F281BD001
:10E070005C2819D0622835D108E06E280ED07228AD
:10E080000ED074280ED075282CD112E0082200E0A2
:10E090000C22009800F8012B009011E00A22F8E70A
:10E0A0000D22F6E70922F4E7009A02F8010B00922C
:10E0B00006E06A462146284601F0C2FB010011D065
:10E0C0000D44A542BFD3009981F800A01021C9E9F1
:10E0D00003173068201A401CB0600120BDE8F88F9B
:10E0E00004E0FFE717B171693846884715B1306819
:10E0F000281AB0600020F1E770B50C0005465ED02C
:10E10000216800295BD0A0686368021D9A4205D887
:10E110000844042231A1F2F736F978B3A0686268A6
:10E12000411D0126914206D82168052208442DA1EF
:10E13000F2F729F928B3A0686268011D914206D858
:10E1400021680422084429A1F2F71DF9E8B1D4E9B5
:10E150000101814203D22268525C222A1DD08142F1
:10E1600021D22268525C2D2A02D0303A092A1AD8CC
:10E1700021462846BDE87040FFF726BE0420E8602F
:10E1800006E0EE60A068401D04E002206E61E860D9
:10E19000A068001DA060012070BD21462846BDE892
:10E1A0007040FFF716BF814203D22268525C5B2A9F
:10E1B00007D0814203D22068405C7B2807D0002032
:10E1C00070BD21462846BDE87040FFF775BD214669
:10E1D0002846BDE87040FFF777BE00006E756C6C96
:10E1E0000000000066616C73650000007472756564
:10E1F000000000002DE9F04185680C000FD00121DE
:10E200002046FCF73DFE00280AD05B210170A06883
:10E21000401CA060E068401C0027E06025E0002072
:10E22000BDE8F0812146284600F0D8F90028F7D053
:10E23000204601F0B9FA2868B0B1606908B1022639
:10E2400000E00126711C2046FCF71AFE0028E7D0EA
:10E250002C2100F8011B616911B1202100F8011B7C
:10E260000770A0683044A0602D68002DDAD102212B
:10E270002046FCF705FE0028D2D05D2101704770D2
:10E28000E068401EE0600120CAE70000F0B52DED17
:10E29000028B8DB00E4690ED068B00241C21684643
:10E2A000F2F71DF89FED310B2E278DED080BEEB325
:10E2B00018EE901A18EE100A8DED0A8B00B10120AD
:10E2C000014321F000402B49081AC00F17D118EE66
:10E2D000900A4900B1EB400F02D118EE100A70B15C
:10E2E00053EC182B24A16846FAF7A4FF054608AAA8
:10E2F00023A16846F2F756F801280ED104E021A1C7
:10E300006846FAF797FF0EE0B0EE481AF0EE681A8A
:10E310009DED080BFCF77CFA30B953EC182B1BA1D0
:10E320006846FAF787FF05461A2D00E000E004D39F
:10E3300000200DB0BDEC028BF0BD691C3046FCF72F
:10E340009FFD0028F5D06A462E2306E0115DB942F4
:10E3500001D1035500E00155641CAC42F6D3002105
:10E360000155B0682844B0600120E2E700000000D9
:10E37000000000000000F07F25312E3135670000DD
:10E38000256C67006E756C6C0000000025312E3125
:10E39000376700002DE9F04785680C0003D06069FD
:10E3A00020B1022603E00020BDE8F0870126711CA1
:10E3B0002046FCF765FD0028F6D07B2100F8011B04
:10E3C000E1684FF00A08491CE160616909B180F811
:10E3D0000080A0684FF0000930440927A06053E096
:10E3E00080B12046E168FCF74BFD0028DCD000211D
:10E3F00002E000F8017B491CE2688A42F9D8A06873
:10E400001044A0602146286A00F060F80028CBD0B4
:10E41000204601F0C9F9606908B1022600E0012632
:10E4200031462046FCF72CFD0028BDD03A2100F8EB
:10E43000011B616901B10770A06821463044A060EA
:10E44000284600F0CBF80028AED0204601F0ACF909
:10E45000606900B10120296801B101214618711CD1
:10E460002046FCF70DFD00289ED0296811B12C2113
:10E4700000F8011B616909B100F8018B80F8009078
:10E48000A0683044A0602D686069002DA8D110B14B
:10E49000E168491C00E002212046FCF7F1FC00285D
:10E4A00082D0616941B1002102E000F8017B491C82
:10E4B000E268521E8A42F8D87D21017080F80190EE
:10E4C000E068401EE06001206EE700002DE9F047A3
:10E4D0000A0006464FF0000402D026B1014620E0B3
:10E4E0000020BDE8F08703211046FCF7C9FC002896
:10E4F000F7D037A1F1F73EFF5AE00C2827D006DC11
:10E50000082824D0092822D00A2806D11FE00D2887
:10E510001DD022281BD05C2819D0202800D2641DD1
:10E52000491C08780028E8D1881B0719F91C1046F7
:10E53000FCF7A6FC051ED4D04FF022084FF00009CE
:10E5400085F800802CB16C1C4FF05C0A28E0641C3C
:10E55000E6E73A463146681CF1F7A8FE23E01F289B
:10E5600003D9222801D05C2830D104F801AB3278DD
:10E5700050460C2A23D006DC082A1ED0092A24D0B3
:10E580000A2A06D11DE00D2A1DD0222A12D05C2AAB
:10E590001CD010A12046FAF74DFE241D641C761CE9
:10E5A00030780028DBD1E81980F8018080F80290EB
:10E5B000012096E784F80080F0E7622006E06620FC
:10E5C00004E06E2002E0722000E074202070E5E795
:10E5D00022220000752530347800000070B5040058
:10E5E0000D4613D095B1207B102843D008DC0128BC
:10E5F00016D002281ED004280AD0082806D121E00F
:10E6000020283CD040283FD0802820D0002070BD5A
:10E6100005212846FCF734FC0028F8D01DA106E0AF
:10E6200006212846FCF72CFC0028F0D01BA1F1F7AE
:10E63000A1FE1DE005212846FCF722FC0028E6D0BB
:10E6400018A1F4E72046BDE87040FFF71FBE20691F
:10E650000028DCD0F1F76CFE401C06460146284637
:10E66000FCF70EFC0028D2D032462169F1F71EFEDD
:10E67000012070BD2069BDE87040FFF727BF20462C
:10E68000BDE87040FFF7B6BD2046BDE87040FFF71B
:10E6900081BE00006E756C6C0000000066616C73DA
:10E6A0006500000074727565000000002DE9F041FE
:10E6B000184E0F460446F5683068001D01F028F931
:10E6C00038B9306890F82C100120884031698143B6
:10E6D0003161601C07D137B13168BDE8F0410E48A7
:10E6E000091D01F04DB930682C44AC4244603168DA
:10E6F00005D2306CBDE8F041091D01F029B9F06B7D
:10E70000091D01F025F9B06A844200D2B462BDE867
:10E71000F081000068000020BC1700202DE9F041C6
:10E72000054601F039F92D4EB068401CB0603068E4
:10E730002B4F10B1706930B32BE03560B068012801
:10E7400027D1002404EB840007EB800001F0F2F8ED
:10E75000641C202CF6D3234801F0ECF82148143037
:10E7600001F0E8F81F48283001F0E4F81D483C307B
:10E7700001F0E0F81B48503001F0DCF81948F06374
:10E780001430306405E03068E96AC06A884200D815
:10E790003560706A0121401C70626864E86A326901
:10E7A00081401143316100EB800007EB8000291D9F
:10E7B00001F0E6F801F02CF9706900280CD03068FF
:10E7C000E96AC06A884207D207494FF08050086062
:10E7D000BFF34F8FBFF36F8FBDE8F081680000205B
:10E7E000EC1400206C17002004ED00E010B501F0DF
:10E7F000D3F80E4C2068A0B90D4801F09BF80C48E6
:10E80000143001F097F80A48E060143020610022CB
:10E810001021052001F0C8FE206010B105A101F013
:10E8200053FABDE8104001F0F3B80000AC0000203E
:10E83000D0170020546D72510000000070B5124EC8
:10E84000124D1CE001F046FC306820B1002402F0BB
:10E85000D1FAA4B901E00124F9E701F09DF8F068CC
:10E86000C468201D01F054F8A868401EA8606868BC
:10E87000401E686001F0CCF8204600F052F868684D
:10E880000028DFD170BD0000A8170020680000201C
:10E8900030B4026C0B46002A0BD0C1681144C16031
:10E8A0004468A14201D30168C16030BC1846F1F749
:10E8B000FDBC30BC70472DE9F041856B174604461E
:10E8C0000026026C82B1C7B1E068F1F7EFFCE168A5
:10E8D000206C091AE1602268914202D26168081A2C
:10E8E000E060022F16D017E02068A8B9606802F037
:10E8F000D9F90646002060600EE0A068F1F7D6FC6A
:10E90000216CA0680844A0606168884204D3206834
:10E91000A06001E005B16D1E6D1CA5633046BDE829
:10E92000F08110B50446006B01F0A4F82046BDE864
:10E93000104001F09FB800000A4900200A69012A2E
:10E9400000D901200A68D26A0AB100207047064A3D
:10E950001268012AF9D80028F7D1886AC968401AD4
:10E960007047000068000020EC14002010484FF4AD
:10E970003841420706D0C01D0D4920F00700411A5A
:10E98000C1F538410B4A00230144C2E900030839AC
:10E99000103A21F0070111604B600B600B1AC0E9BF
:10E9A000001393604FF000405360D0607047000048
:10E9B000F8170020D0000020144D4FF08056144F5F
:10E9C000144C40F68C48FFF739FF2868012804D919
:10E9D0003E60BFF34F8FBFF36F8FFFF7ADFF02288D
:10E9E000F1D301F077FBA06AE168884204D2424685
:10E9F00009A10EA0FAF7F4FBFFF79EFF022801D34E
:10EA000001F0A8F802F0F6F9DDE70000EC140020B0
:10EA100004ED00E0680000202E2E5C467265655211
:10EA2000544F535C7461736B732E63004572726F45
:10EA3000723A25732C256C640D0A00002DE9F0470D
:10EA4000DDE909840E461746824691009946089DE5
:10EA5000A522206BF1F73CFC6FF00301206B01EB6A
:10EA60008701084420F00707780705D040F22B32D1
:10EA700019A11EA0FAF7B4FB00202218315C82F81D
:10EA80003410315C11B1401C1028F6D3002684F8F4
:10EA90004360202D00D31F25E562C4E91356201DD5
:10EAA00000F053FF04F1180000F04FFF2461C5F19E
:10EAB00020006462A0616665A66584F85C604A46D1
:10EAC0005146384600F002FB2060B8F1000F01D03B
:10EAD000C8F80040BDE8F0872E2E5C46726565528E
:10EAE000544F535C7461736B732E63004572726F85
:10EAF000723A25732C256C640D0A000030B511495B
:10EB000000E011460A688242FBD34B685C188442DD
:10EB100003D1406818444860084643681C18944272
:10EB200009D1084C103C2468A24209D052681A440A
:10EB300042600A6812680260814200D0086030BDFD
:10EB40000460F9E7D000002070B5002441600B4D4F
:10EB50000061914206D8D11A8269914206D2011D04
:10EB6000286907E09A4203D2994201D3012403E0C5
:10EB7000011DE86800F0ECFE204670BDAC000020EE
:10EB800010B5044600F008FFA06B20B1002400F08F
:10EB90003FFF204610BD0124F9E700002DE9F341B5
:10EBA00000980F460026846C2CB940F6CE1216A1B0
:10EBB0001AA0FAF715FBA06BE16B884205D340F66B
:10EBC000CF1211A115A0FAF70BFBA06BE16B8842E5
:10EBD0000CD294F945503A4669462046FFF76BFE41
:10EBE0000646681C05D06D1C84F845503046BDE8CB
:10EBF000FC81606A0028F9D004F1240002F0ACF82E
:10EC00000028F3D00126F1E72E2E5C46726565528E
:10EC1000544F535C71756575652E63004572726F54
:10EC2000723A25732C256C640D0A0000F8B5054670
:10EC300014480E46C068C068C468201D00F068FE15
:10EC4000E069012817D1A0692B46411932462046B8
:10EC5000FFF77AFF78B100200346014600902A466C
:10EC6000204602F0ADF930B907494FF4027201F1C4
:10EC70001800FAF7B5FA616A01B02046BDE8F04025
:10EC800008470000AC000020240F030870B586B0D0
:10EC90002F4E53E00198002806DADDE90301029ABD
:10ECA00090470198002849DB039C606910B1201D42
:10ECB00000F02EFE05A800F0A7F8054601980A28E6
:10ECC0003CD2DFE800F00505053B273805053B276A
:10ECD0000298A169034601442A462046FFF734FF03
:10ECE00000282BD0616A20468847E069012825D199
:10ECF000002000900298A16900234218194620467E
:10ED000002F05EF9D0B940F2213212A117A0FAF751
:10ED100067FA13E00298A06128B94FF44E720DA172
:10ED200012A0FAF75DFAA0692B4641191A4620464F
:10ED3000FFF70AFF02E0204600F09CFE00231A467F
:10ED400001A9306801F06CFC0028A3D106B070BDA9
:10ED5000AC0000202E2E5C4672656552544F535C09
:10ED600074696D6572732E63000000004572726FE6
:10ED7000723A25732C256C640D0A0000F8B50D4617
:10ED8000064601F0A7F9684600F03EF804460098F0
:10ED900010B102F02FF8F8BD1148ADB10169096852
:10EDA000D9B10025311B2A46006800F09FFF02F010
:10EDB00021F80028EFD10B494FF080500860BFF3D5
:10EDC0004F8FBFF36F8FF8BDA642EBD802F012F859
:10EDD00021463046FFF72AFFF8BD0125E2E7000093
:10EDE000AC00002004ED00E00648C16B096829B1C1
:10EDF000C16BC968C9684968816270474FF0FF31CB
:10EE0000FAE700006800002070B5054601F0D0FE6A
:10EE1000064E0446B068844203D200F009F801208F
:10EE200000E0002028602046B46070BDAC000020E7
:10EE3000F8B5184E26E0C068C4680568201D00F0CB
:10EE400067FD616A20468847E06901281AD1A069F8
:10EE50002844A84206D924616060211DF06800F0B2
:10EE600077FD0FE000200346014600902A46204629
:10EE700002F0A6F830B9084940F2923201F11800C8
:10EE8000FAF7AEF9F06801680029D4D13169C6E912
:10EE90000310F8BDAC000020240F030808484068A8
:10EEA000401C05D040F20F1206A111A0FAF798F904
:10EEB000502080F31188BFF34F8FBFF36F8FFEE7B1
:10EEC000D80000202E2E5C4672656552544F535C6C
:10EED000706F727461626C655C525644535C41524F
:10EEE0004D5F434D34465C706F72742E63000000BA
:10EEF0004572726F723A25732C256C640D0A0000FE
:10EF0000084CE068016839B1002139B10020FFF7F1
:10EF100035FFFFF7BBFEF4E70121F6E7C0680068A4
:10EF2000F5E70000AC0000202DE9F041044600F0B8
:10EF300033FD94F9455004F1240610E0A06C20B193
:10EF400000212046FFF72AFE04E0606A48B13046FF
:10EF500001F002FF08B100F087FF6D1E6DB2002DB9
:10EF6000ECDC4FF0FF3684F8456000F051FD00F016
:10EF700013FD94F9445004F1100709E0206948B1E9
:10EF8000384601F0E9FE08B100F06EFF6D1E6DB26B
:10EF9000002DF3DC84F84460BDE8F04100F038BD9A
:10EFA0002DE9F0410546002601F094F8324F38680B
:10EFB00008B9FFF7DBFCF86805424FD1002D4DD0B2
:10EFC000083568070BD005F00700C0F108000544BC
:10EFD000680704D0BE2229A132A0FAF701F9002D5A
:10EFE0003CD07868854239D82349103108460468F6
:10EFF00001E0214604466068A84202D22068002849
:10F00000F7D13868B846844228D00E682068086076
:10F0100060680836401B10280ED96719780704D09D
:10F02000EB2216A11FA0FAF7DBF86068401B78609E
:10F0300038466560FFF762FD6168D8F80400424613
:10F04000401AC8F80400D8F80830984200D29060FE
:10F05000D8F80C0001430020C4E9000101F0CAFE09
:10F06000700705D040F22B1204A10EA0FAF7B8F8F1
:10F070003046BDE8F0810000C00000202E2E5C4626
:10F0800072656552544F535C706F727461626C6547
:10F090005C4D656D4D616E675C686561705F342EB7
:10F0A000630000004572726F723A25732C256C6400
:10F0B0000D0A00000449086818B10868026D521C66
:10F0C00002650868704700006800002010B5031F43
:10F0D0004FF080741C601B1F21F001011960191F83
:10F0E000044B0B6014390A60091F6FF002024438A8
:10F0F0000A6010BD9DEE0208016811F8012B016045
:10F100001046704701684A7811F8023B016002EB33
:10F11000032210467047F0B5054608680026101A0D
:10F1200017460C4601280CDD0846FFF7EBFF686028
:10F1300021680A18BA4204D8A96021680126084447
:10F140002060002028603046F0BD00002DE9F04727
:10F1500004008A4616D054F8047CD4F800903E1F70
:10F16000564500D956462046FAF78EF80546884699
:10F17000324621465046FCF781FA40B1C0F8009073
:10F18000BDE8F087BDE8F0470846FAF7C9B844E99A
:10F19000017955B129686A18211F8A4202D9611B79
:10F1A000091F2960C5F80480EAE7024AC2F8008016
:10F1B000E6E700008801002070B50446006C0D46AB
:10F1C000802121540026401C382802D80AE0265409
:10F1D000401C4028FBD32146084600F05FF8002081
:10F1E0002654401C3828FBD3216CD4E912304A0F36
:10F1F000C900383459185041E4E90410030E04F8EA
:10F20000103C030C04F80F3C030A04F80E3C0A0EF1
:10F2100004F80D0C42EA002204F80C2C0A0C42EA15
:10F22000004204F80B2C020642EA112004F80A0CF2
:10F2300014F8090904F83F092146084600F02EF8A1
:10F24000002004EB800151F8502F120E05F8202009
:10F250000A68130C05EB8002401C53700B881B0AD4
:10F2600093700978D1700528EBD370BD10B50446B2
:10F270006821F1F734F806482065064860650448BF
:10F28000C043A0650348C043E0650348206610BD45
:10F290000123456789ABCDEFF0E1D2C32DE9F04FF3
:10F2A000D1B000226D4601EB82031C889E7864BABF
:10F2B0002404DB7844EA06241C4345F82240521C0F
:10F2C000102AF0DB102105EB810252F80C3C52F8B9
:10F2D000204C634052F8384C52F8402C5440634064
:10F2E0004FEAF37245F82120491C5029EBDB076DEA
:10F2F000416D826DC36DD0F860C0BB468E469146AD
:10F300009A460024CDF840C1142C06DA01EA020521
:10F3100023EA010635431C4E14E0282C04DA81EA66
:10F3200002055D40194E0DE03C2C07DA42EA030568
:10F330000D4002EA03063543154E03E081EA02055B
:10F34000144E5D4005EBF76565442E445DF824508E
:10F350009C4613464FEAB10235443946641C2F4699
:10F36000502CD1DB0BEB05047144C0E9144109EBCF
:10F37000020181650AEB0301C16550996144016690
:10F3800051B0BDE8F08F00009979825AA1EBD96E97
:10F39000DCBC1B8FD6C162CA2DE9F04100251646A0
:10F3A0000F460446A84617E0206C795D421C226493
:10F3B0002154206C40280ED121460846FFF76EFFED
:10F3C000D4E912104FF40072891840F10000C4F81B
:10F3D0004080C4E912106D1CB542E5D3BDE8F08150
:10F3E0007FB500220221052001F0DEF83D4D00220C
:10F3F00006212860052001F0D7F83B4E00220621A7
:10F400003060052001F0D0F8384900220860022160
:10F410000A2001F0C9F8364CE061012001F0B2F891
:10F420002062012001F0AEF860623248029032485A
:10F43000039002A8FBF7D6F8286838B1306828B1E5
:10F44000206A18B1E06908B1606A10B92BA0F9F719
:10F45000C7FE27490520091DCDE900014FF480753D
:10F4600000232A462DA1304801F068FB20480324E0
:10F470000830CDE90040002380222CA12E4801F065
:10F480005DFB1B4800230C30CDE900402A462BA130
:10F490002E4801F053FB164902201031CDE900013E
:10F4A000002380222AA12D4801F048FB10490420A6
:10F4B0001431CDE9000100234FF4FA7228A12B4842
:10F4C00001F03CFB0A4906201831CDE90001002378
:10F4D000802227A1294801F031FB002000F05EFCCA
:10F4E0007FBD0000840100207C01002080010020FD
:10F4F00000000020A1EF020875FA0208E9989FE5D4
:10F5000088972FE4BA92E696A5E99481E5889BE571
:10F51000BBBAE5A4B1E8B4A55C720A00696E69746F
:10F520005F7461736B00000001B502086468743198
:10F53000315F7461736B00003FAE0208617033325B
:10F540003136635F7461736B00000000D19C020868
:10F550006C63645F7461736B000000000DB8020897
:10F560006E65745F7461736B00000000F5C0020883
:10F570007761746368646F670000000079010308B5
:10F5800010B5094C207868B1FAF778FC6420FBF7D5
:10F5900013FC4FF47A7205A105A0FAF76BFD002069
:10F5A00020706080002010BD080100204F4B00003B
:10F5B00041542B434950434C4F5345002DE9F05FD4
:10F5C0000F465FEA000A4FF0000441F288364BD044
:10F5D000002F49DD2748A3460078E8B33BE0FAF75F
:10F5E000E7FD5FEA000931D0FAF7F2FDDFF8848029
:10F5F00005464046B8F80210A94204D3FAF7F4FDD4
:10F60000A8F802B026E00346681A82B2381B80B21E
:10F61000824200D2104680464846014499460AEB91
:10F6200004004246F0F742FE04EB0800B9F802106D
:10F6300084B201EB080080B2A9F80200A84203D30B
:10F64000FAF7D2FDA9F802B0BC4208DA0120FBF7B4
:10F65000B3FB761E1EB100E006E0BC42BFDB14B176
:10F660002046BDE8F09F16B14FF0FF30F9E70020CB
:10F67000F7E70000080100202DE9F04715465FEA92
:10F68000010901D0002D02DC0020BDE8F087164FF3
:10F6900038780028F9D0FAF78BFD061EF5D0FAF776
:10F6A00097FD044678884FF00008A04204D3FAF78B
:10F6B0009BFDA7F80280E7E7211A89B2A94200DB87
:10F6C00029468DB231182A464846F0F7EFFD788872
:10F6D000284480B27880A04203D3FAF785FDA7F8CA
:10F6E00002802846D1E70000080100207CB5040014
:10F6F0004FF0FF350FD00A460EA16846F9F79AFD84
:10F7000069462046FAF76EFB28B96420FBF754FBE4
:10F71000FAF78EFB08B128467CBD6420FBF74CFB52
:10F72000054C01202070FAF75FFD00206080012069
:10F730007CBD0000256400000801002070B514465F
:10F740004FF0FF3559B1002C09DD0748007830B182
:10F75000A2B24FF47A730548F4F706F808B12846C8
:10F7600070BD204670BD000008010020FCD70020BD
:10F770000B4910B5094AC1E9002000208860C86023
:10F78000086188610C2048610846F3F7D8FEBDE89F
:10F790001040012203490248F3F786BF00100140E0
:10F7A000B80200204800002010B5040009D02068ED
:10F7B000002806D0A1680844F0F7BAFDA168084403
:10F7C000A06010BDF0B50024254619E0A3F1410664
:10F7D000192E1CD9203E192E19D93136092E16D9C9
:10F7E0002D2B14D05F2B12D02E2B10D07E2B0ED0B1
:10F7F000002676B1661C964207D20B55641C6D1C20
:10F80000435D002BE2D1944213D30020F0BD0126CA
:10F81000EFE7E61C9642F8D225260E55074E641CEB
:10F8200006EB131703F00F033F780F55F35C641CCE
:10F83000E3E7002008550120F0BD0000E157030870
:10F840002DE9F04707460026C81B144689460628BE
:10F850005CDBB81CFEF798FA0546A0F55C404FF457
:10F860008061884252D3A5F558408A4650451AD245
:10F87000B81DA9EB00014FF00C08062946DB017802
:10F880005C2943D14178752940D1801CFEF77CFA70
:10F89000A0F55C41514539D2C5F3090161F39F20C0
:10F8A00000F5803002E04FF006082846802801D29B
:10F8B000012210E0B0F5006F02D20222C0260AE059
:10F8C000B0F5803F02D20322E02604E0B0F5881FA5
:10F8D0001CD20422F026511E07E000F0BF03256869
:10F8E00043F0800380096B54491E11F0FF01F4D1ED
:10F8F000012A01D9304301E000F07F00216808703F
:10F900002068104420604046BDE8F0870020FBE7F7
:10F91000D0E9013201699A60D0E901235A604A684E
:10F92000824201D182684A60002202610868401E5A
:10F930000860704700F108014FF0FF32C0E9011282
:10F94000C1600161002101607047002101617047C1
:10F9500030B50C68621C02D000F1080202E00269B6
:10F9600004E01A4653681D68A542FAD953684B60F3
:10F9700099608A60516008610168491C016030BD6E
:10F9800042684A6093688B6093685960916008612F
:10F990000168491C01607047502080F31188BFF353
:10F9A0004F8FBFF36F8F09494868401C486001289A
:10F9B0000AD10748006810F0FF0F05D040F2B912D5
:10F9C00004A10FA0F9F70CBC70470000D80000207C
:10F9D00004ED00E02E2E5C4672656552544F535C78
:10F9E000706F727461626C655C525644535C415234
:10F9F0004D5F434D34465C706F72742E630000009F
:10FA00004572726F723A25732C256C640D0A0000E2
:10FA100010B5084C606828B94FF4E07206A111A037
:10FA2000F9F7DEFB6068401E606001D180F3118849
:10FA300010BD0000D80000202E2E5C467265655275
:10FA4000544F535C706F727461626C655C525644C3
:10FA5000535C41524D5F434D34465C706F72742E5F
:10FA6000630000004572726F723A25732C256C6436
:10FA70000D0A000070B500282AD0164DA0F1080428
:10FA80006068E968084205D140F23F1212A11CA04B
:10FA9000F9F7A6FB206828B14FF4A0720EA118A0B8
:10FAA000F9F79EFB6068E968084211D02268002AD5
:10FAB0000ED18843606000F00DFB606869680844FF
:10FAC00068602046FFF71AF8BDE8704001F092B96F
:10FAD00070BD0000C00000202E2E5C46726565528D
:10FAE000544F535C706F727461626C655C4D656DF0
:10FAF0004D616E675C686561705F342E6300000065
:10FB00004572726F723A25732C256C640D0A0000E1
:10FB100010B50E484FF47A730D4A00686FF07F44B9
:10FB2000B0FBF3F19160B4FBF1F1D160B0FBF0F107
:10FB30002D24B4FBF1F11161B0FBF3F14FF0E020A3
:10FB4000491E41610721016110BD0000280000200D
:10FB5000D8000020F1B5384D82B00299E8688142A2
:10FB600000D902904FF0E026306920F001003061AA
:10FB7000B1690298AA68401E02FB001428698442F9
:10FB800000D9241A72B6BFF34F8FBFF36F8FFBF704
:10FB90005FF958B374610027B761306940F0010024
:10FBA0003061029800906846F8F728FD009820B16F
:10FBB000BFF34F8F30BFBFF36F8F02A8F8F71DFD63
:10FBC000306920F00101316162B6C00319D5B06916
:10FBD000A968201A081A2A69401E904201D3884257
:10FBE00000D9481E7061029C641E15E0B069706106
:10FBF000306940F001003061A868401E706162B653
:10FC0000FEBD0299A868B2694143891AB1FBF0F4BC
:10FC1000621C4243501A7061B761FFF7BDFE306944
:10FC200040F001003061204600F02EFAA868401E26
:10FC30007061FFF7EDFEFEBDD800002010B5F0F7B3
:10FC400019FB104C10280CD300F1E02090F8F003C1
:10FC50002178884205D24FF440720BA115A0F9F724
:10FC6000BFFA18480068616900F4E060884207D96B
:10FC7000BDE810404FF4447203A10EA0F9F7B0BAEA
:10FC800010BD0000D80000202E2E5C467265655223
:10FC9000544F535C706F727461626C655C52564471
:10FCA000535C41524D5F434D34465C706F72742E0D
:10FCB000630000004572726F723A25732C256C64E4
:10FCC0000D0A00000CED00E010B5074B002253F8C0
:10FCD00032401CB1521C082AF9D310BD43F832102F
:10FCE00003EBC201486010BDAC14002070B515468E
:10FCF0000E460446FFF750FE94F944100020491CBC
:10FD000001D184F8440094F94510491C01D184F8CC
:10FD10004500FFF77DFEA06B28B92A46314604F165
:10FD2000240000F0D1F82046BDE87040FFF7FCB891
:10FD300010B5040012D00E49096B29B140F2CF4230
:10FD40000CA111A0F9F74CFA00F0C4F900212046EB
:10FD5000FEF7ACFC01F04EF8002807D10E494FF039
:10FD600080500860BFF34F8FBFF36F8F10BD00004E
:10FD7000680000202E2E5C4672656552544F535C1D
:10FD80007461736B732E63004572726F723A2573E0
:10FD90002C256C640D0A000004ED00E070B50446EB
:10FDA000FFF7FAFD234D04B92C68201DFFF7B0FDC5
:10FDB00058B9E06A204A00EB800152F8211021B9BD
:10FDC00001218140286988432861A06A18B104F1A3
:10FDD0001800FFF79DFD686A401C6862286884422D
:10FDE00007D1211D1548FFF7CBFD6868401C6860EE
:10FDF00007E0A868401EA8602046FEF792FDFEF7C7
:10FE0000F3FFFFF705FE6869002812D028688442D6
:10FE10000FD1286B28B140F2654209A10DA0F9F776
:10FE2000DFF910494FF080500860BFF34F8FBFF3E8
:10FE30006F8F70BD68000020EC140020A817002010
:10FE40002E2E5C4672656552544F535C7461736B21
:10FE5000732E63004572726F723A25732C256C64A1
:10FE60000D0A000004ED00E001490120C86170475F
:10FE70006800002070B50D46040005D140F606323A
:10FE800007A10CA0F9F7ACF90E480168204618311B
:10FE9000FFF75EFD2846BDE870400121FEF706BC75
:10FEA0002E2E5C4672656552544F535C7461736BC1
:10FEB000732E63004572726F723A25732C256C6441
:10FEC0000D0A00006800002070B514460E460500BB
:10FED00005D140F6313209A10DA0F9F781F910489A
:10FEE000016828461831FFF74BFD0CB14FF0FF3683
:10FEF00021463046BDE87040FEF7D8BB2E2E5C464A
:10FF000072656552544F535C7461736B732E63005A
:10FF10004572726F723A25732C256C640D0A0000CD
:10FF20006800002070B5040039D01D4DE06A2968D2
:10FF3000C96A884233D2A069002804DB2868C06AF5
:10FF4000C0F12000A061E06A164E00EB80006169FC
:10FF500006EB800081421FD1201DFFF7D9FC012153
:10FF600050B9E06A00EB800256F8222022B92A69D3
:10FF700001FA00F082432A612868C06AE0622A69B7
:10FF800081401143296100EB800006EB8000211DB8
:10FF9000BDE87040FFF7F4BC2868C06AE06270BD3D
:10FFA00068000020EC14002010B5040005D140F6D4
:10FFB000C13205A109A0F9F713F90C48016A2160C3
:10FFC000C068606010BD00002E2E5C4672656552F0
:10FFD000544F535C7461736B732E63004572726F80
:10FFE000723A25732C256C640D0A0000680000200D
:10FFF0001CB518480024CDE900402346822216A1F2
:020000040803EF
:10000000174800F09BFD012803D100F09FFF012855
:100010000AD0401C1DD102B040F28472BDE81040ED
:1000200010A115A0F9F7DCB8502080F31188BFF3B8
:100030004F8FBFF36F8F07484FF0FF312C3881622D
:1000400001214161C460F1F741FABDE81C4000F0B4
:10005000F9B91CBD9400002049444C450000000043
:10006000B9E902082E2E5C4672656552544F535C06
:100070007461736B732E63004572726F723A2573ED
:100080002C256C640D0A000070B5084D0446E86824
:10009000A96A2044884205D940F6711204A109A03A
:1000A000F9F79EF8E8682044E86070BD6800002019
:1000B0002E2E5C4672656552544F535C7461736BAF
:1000C000732E63004572726F723A25732C256C642F
:1000D0000D0A00000248016B491C016370470000D3
:1000E0006800002070B5194C206B10B10120E06150
:1000F00070BD0020E061F1F733FDA063626B9042B8
:1001000004D92168821A4B6D1A444A6560632069DC
:100110000F4EB0FA80F0C0F11F0000EB800556F8DA
:10012000250028B940F6F6220AA10FA0F9F758F8E1
:1001300006EB850000F10802416849684160914280
:1001400001D149684160C868206070BD6800002026
:10015000EC1400202E2E5C4672656552544F535CA1
:100160007461736B732E63004572726F723A2573FC
:100170002C256C640D0A000041F28830FFF7D8FD91
:10018000FFF70AFC224E706840F017007060FFF71E
:100190003FFC21481F4901600421416040F6AC51F9
:1001A0008160F1F78BFE1C48F1F7D8FE012030701A
:1001B00000252F464FF47A78B46870687168204043
:1001C000884205D11448F1F79FFEB76000251BE077
:1001D0006D1C082D18DB4546E00702D10FA0F8F78B
:1001E000FFFFA00702D411A0F8F7FAFF600702D4BE
:1001F00012A0F8F7F5FFE00602D414A0F8F7F0FF1C
:100200002846FFF795FDE7E74046FFF791FDD3E766
:100210006C010020003000407CF100206E657420ED
:100220007461736B20646561640D0A0061702074F1
:1002300061736B20646561640D0A00006C63642067
:100240007461736B20646561640D0A0064687420D6
:100250007461736B20646561640D0A0010B5044617
:10026000FFF79AFB03498A6822438A60BDE8104081
:10027000FFF7CEBB6C0100202DE9FC4180461546FE
:100280000F462FA0F8F7ACFF4FF4E1363046F9F7F0
:1002900055FE324CA8B132A0F8F7A2FF3046F9F76C
:1002A0004DFE70B12EA0F8F79BFFD4F8840230B158
:1002B0000020C4F88402C820FAF77EFDEEE7012092
:1002C000F7E72CA0F8F78CFFF9F7BEFE0646F9F722
:1002D00055FD06440120F9F7F1FE0644F9F71CFF2D
:1002E00006440020F9F760FD064439464046F9F718
:1002F00087FE06442846F9F7DDFD304410F0FF0F75
:100300000ED024A0F8F76CFFD4F8840230B100209E
:10031000C4F88402C820FAF74FFDF5E70120F7E79B
:10032000294623A0F8F75CFF1020CDE9000503461D
:10033000C8224FF4A5711E20F6F75FFDBDE8FC81D1
:10034000E6ADA3E59CA8E5889DE5A78BE58C962006
:10035000576946692E2E2E0D0A000000008040428B
:1003600041544B2D4D573832363644206572726FEA
:10037000720D0A00E6ADA3E59CA8E8BF9EE68EA537
:10038000E8B7AFE794B1E599A82041502E2E2E0D85
:100390000A000000E8BF9EE68EA5E79BAEE6A087B8
:1003A00020415020E5A4B1E8B4A5210D0A000000C9
:1003B00049503A2025730D0A0000000070B504462C
:1003C0000D460846EFF7B4FF06460146204600F00A
:1003D0000FF8324629462068EFF768FF206830445E
:1003E000206070BD026811700168491C016070478F
:1003F00010B5CA17046801EB12631A0A227002686A
:10040000521C026011700168491C016010BD70B57A
:10041000141E1E4605460BDD1146FFF7E9FF224676
:1004200031462868EFF742FF28682044286070BDF5
:1004300019B1BDE87040FFF7C1BFBDE870400021B1
:10044000FFF7D6BF7CB5304C20683049884205D1D3
:1004500040F259122EA139A0F8F7C2FE20682B49AC
:10046000491E884205D14FF4AD7229A133A0F8F797
:10047000B7FE364D28780190FF20287028788DF837
:1004800000009DF800009DF8001000F0F000884288
:1004900005D040F273121EA128A0F8F7A1FE9DF826
:1004A00000002B4C00F0500020700720606107E036
:1004B0006069401E60619DF8000040008DF80000FA
:1004C0009DF800000006F3D4207D000200F4E060F7
:1004D0006061019828700C482030016841F4700177
:1004E0000160016841F070410160FFF711FB0020DD
:1004F0006060EFF787FE1748016841F040410160F6
:10050000EFF770FE00207CBD00ED00E071C20F41EE
:100510002E2E5C4672656552544F535C706F727438
:1005200061626C655C525644535C41524D5F434D71
:1005300034465C706F72742E630000004572726FF7
:10054000723A25732C256C640D0A000000E400E06B
:10055000D800002034EF00E010B5502080F311885F
:10056000BFF34F8FBFF36F8F00F028FB18B1044922
:100570004FF080500860002080F3118810BD00000B
:1005800004ED00E010B502460021012000F00CF857
:10059000041E07D00021416001600B460A46C1607D
:1005A00000F054F9204610BD2DE9F04117460E46E3
:1005B000050005D14FF4C47210A115A0F8F710FE84
:1005C000BEB105FB06F05430FEF7EAFC04000ED085
:1005D00004F154007EB12060C4E90F562046012189
:1005E00000F0E0F884F8507000212046A164BDE8D6
:1005F000F0810020E7E72460EEE700002E2E5C4645
:1006000072656552544F535C71756575652E630054
:100610004572726F723A25732C256C640D0A0000C6
:100620002DE9FF4F83B09B468A4604004FF0000639
:1006300005D140F2DC4251A155A0F8F7D1FDBAF145
:10064000000F07D1206C28B140F2DD424BA150A031
:10065000F8F7C6FD00F09EFA38B9059828B14FF4B6
:100660009C6246A14AA0F8F7BBFD4FF000094FF08D
:100670008057DFF82C81FFF78FF9A56B45B3514602
:100680002046E668FEF704F9BBF1000F13D0E660E0
:10069000606A50B104F1240000F05EFB28B1C8F894
:1006A0000070BFF34F8FBFF36F8FFFF7B1F90120D9
:1006B00007B0BDE8F08F6D1EA563206810B9FEF786
:1006C000F9FC606020690028EFD004F11000E3E736
:1006D000059808B11EB106E0FFF79AF927E06846D1
:1006E000FFF762FC0126FFF793F9FFF7F3FCFFF732
:1006F00053F994F94400401C01D184F8449094F9D2
:100700004500401C01D184F84590FFF781F905A907
:10071000684600F0CFF9002820460AD0FEF704FC16
:1007200000F068FB2046FEF72BFA0028A3D000203B
:10073000BEE7FEF725FAD8B1206830B9FFF72CF9EB
:100740006068FFF7EFFBFFF763F904F124000599F8
:10075000FFF790FB2046FEF7E7FB00F04BFB00287D
:1007600089D1C8F80070BFF34F8FBFF36F8F82E756
:100770002046FEF7D9FB00F03DFB7CE72E2E5C46C1
:1007800072656552544F535C71756575652E6300D3
:100790004572726F723A25732C256C640D0A000045
:1007A00004ED00E070B50D46040005D140F21B12C7
:1007B0001CA121A0F8F714FDFFF7EEF8D4E90F20F3
:1007C000216802FB001161600021A1632168A16022
:1007D0000A46D4E90F01401E00FB0121E1602146D9
:1007E0004FF0FF3001F8440F487004F110004DB194
:1007F000FFF7A0F804F12400FFF79CF8FFF708F9D1
:10080000012070BD21690029F8D000F0A5FA002868
:10081000F4D00D494FF080500860BFF34F8FBFF305
:100820006F8FEBE72E2E5C4672656552544F535C1A
:1008300071756575652E63004572726F723A257326
:100840002C256C640D0A000004ED00E02DE9FF4F3B
:1008500083B099468B4604004FF0000605D140F264
:10086000D92252A156A0F8F7BBFCBBF1000F07D16B
:10087000206C28B140F2DA224CA151A0F8F7B0FC6C
:10088000B9F1020F08D1E06B012805D040F2DB225C
:1008900046A14BA0F8F7A4FC00F07CF938B9059804
:1008A00028B140F2DE2241A145A0F8F799FC4FF0B3
:1008B000000A4FF08057DFF81881FFF76DF8A06B42
:1008C000E16B884206D3B9F1020F03D0059800B35B
:1008D00016B325E04A4659462046FDF7ECFFA16CC9
:1008E00021B149462046FEF759F905E0616A19B180
:1008F00004F1240000F030FA28B1C8F80070BFF30A
:100900004F8FBFF36F8FFFF783F8012007B0BDE86B
:10091000F08FFFF77DF821E06846FFF745FB0126E1
:10092000FFF776F8FFF7D6FBFFF736F894F94400A7
:10093000401C01D184F844A094F94500401C01D129
:1009400084F845A0FFF764F805A9684600F0B2F8FE
:1009500030B12046FEF7E8FA00F04CFA0020D5E767
:10096000FFF71AF8A06BE16B884201D1012500E086
:100970000025FFF74DF895B104F110000599FFF738
:1009800079FA2046FEF7D0FA00F034FA002894D124
:10099000C8F80070BFF34F8FBFF36F8F8DE720460D
:1009A000FEF7C2FA00F026FA87E700002E2E5C461A
:1009B00072656552544F535C71756575652E6300A1
:1009C0004572726F723A25732C256C640D0A000013
:1009D00004ED00E02DE9F0479846154689460400ED
:1009E00005D140F29F322AA12EA0F8F7F9FBB9F108
:1009F000000F07D1206C28B14FF4687224A129A000
:100A0000F8F7EEFBB8F1020F08D1E06B012805D032
:100A100040F2A1321EA123A0F8F7E2FBFFF70EF986
:100A20005020EFF3118780F31188BFF34F8FBFF38E
:100A30006F8FA06BE16B884207D3B8F1020F04D02F
:100A4000002087F31188BDE8F08794F9456042469D
:100A500049462046FDF72FFF701C04D0761C84F811
:100A600045600120EDE7A06C012620B141462046FB
:100A7000FEF794F806E0606A0028F2D004F1240042
:100A800000F06AF90028ECD0002DEAD02E60E8E7EB
:100A90002E2E5C4672656552544F535C71756575B8
:100AA000652E63004572726F723A25732C256C6453
:100AB0000D0A000070B50D46040005D140F6CB329A
:100AC00014A119A0F8F78CFB2DB940F6CC3211A176
:100AD00015A0F8F785FBFEF75FFF174AD068296875
:100AE0004B1C0FD02368126A934202D06268824284
:100AF0000AD96268801A884206D2081A28602046FD
:100B0000FFF752FA002400E00124FEF781FF20469F
:100B100070BD00002E2E5C4672656552544F535CCA
:100B20007461736B732E63004572726F723A257332
:100B30002C256C640D0A0000680000202DE9FF5F81
:100B40008346DDE90E87994616468A469000FEF7F1
:100B500027FA05001AD06020FEF722FA040012D00E
:100B600025630021CDE90241CDE900874B4632469D
:100B700051465846FDF762FF2046FDF7CFFD0120A4
:100B800004B0BDE8F09F2846FEF774FF4FF0FF3039
:100B9000F6E700000548416919B1006B18B1002063
:100BA0007047012070470220704700006800002055
:100BB0000148C06870470000680000202DE9F0413E
:100BC0002D4F0026386B40B1B869401CB861F869F8
:100BD00000B101263046BDE8F081FD686D1CFD6066
:100BE00011D1F86B006828B140F6D91223A128A0D2
:100BF000F8F7F6FAF86B396CF9633864386A401C18
:100C00003862FEF7F1F8B86ADFF89480854209D3BC
:100C1000F86B006880B1F86BC068C4686068854292
:100C20000DD2B8623868C06A00EB800158F8210024
:100C30000128CCD90126CAE74FF0FF30F1E7201D8B
:100C4000FEF766FEA06A18B104F11800FEF760FE18
:100C5000E06A01213A6981401143396100EB80016A
:100C600008EB8100211DFEF78BFEE06A3968C96A36
:100C70008842CDD30126CBE7680000202E2E5C46AB
:100C800072656552544F535C7461736B732E6300CD
:100C90004572726F723A25732C256C640D0A000040
:100CA000EC14002070B504004FF000063CD01F4D3E
:100CB0002868844205D040F6C7621DA121A0F8F73C
:100CC0008FFA206D28B940F6C96219A11DA0F8F766
:100CD00087FA206D401E2065E26CE16A914223D0C4
:100CE00010BB201DFEF714FE1A49012250B9E06A1C
:100CF00000EB800351F8233023B92B6902FA00F08E
:100D000083432B61E06CE062C0F12000A061E06AE7
:100D10002B6982401A432A6100EB800001EB8000BE
:100D2000211DFEF72DFE0126304670BD6800002013
:100D30002E2E5C4672656552544F535C7461736B22
:100D4000732E63004572726F723A25732C256C64A2
:100D50000D0A0000EC1400202DE9F041C068C468C1
:100D60002CB940F6613217A11BA0F8F739FA04F14B
:100D700018000746FEF7CCFD1B4D286B012658B125
:100D800039461A48FEF7FCFDE06A2968C96A8842BC
:100D900012D90124EE6110E0201DFEF7B9FDE06AD2
:100DA0002A6906FA00F111432961114900EB80001C
:100DB00001EB8000211DE5E70024FEF715F8204631
:100DC000BDE8F0812E2E5C4672656552544F535C2F
:100DD0007461736B732E63004572726F723A257380
:100DE0002C256C640D0A0000680000209417002078
:100DF000EC1400202DE9F0472B4D00242746286BEA
:100E000028B94FF4FD6229A12DA0F8F7E9F9FEF702
:100E1000C3FD286B401E2863286BE8BBA8682C49DB
:100E20000126C8B3A1F52A798846D8F80010E9B19F
:100E3000D8F80C00C46804F11800FEF769FD201D05
:100E4000FEF766FDE06A2A6906FA00F1114329619E
:100E500000EB800109EB8100211DFEF791FDE06AA6
:100E60002968C96A8842E0D3EE61DEE70CB1FDF77C
:100E7000BBFFAC693CB1FFF7A1FE00B1EE61641E9F
:100E8000F9D10020A861E86930B11249012738077B
:100E90000860BFF34F8F00E001E0BFF36F8FFEF7F4
:100EA000B7FD3846BDE8F087680000202E2E5C466E
:100EB00072656552544F535C7461736B732E63009B
:100EC0004572726F723A25732C256C640D0A00000E
:100ED0009417002004ED00E02DE9F04707469946FD
:100EE00016460D462C20DDF820A0FEF759F8040028
:100EF00014D0B8464F46D1462DB94FF4C67209A159
:100F00000EA0F8F76DF9FDF771FC04F11801C4F8B3
:100F1000008081E8E002201DFEF717FD2046BDE8B5
:100F2000F08700002E2E5C4672656552544F535C6C
:100F300074696D6572732E63000000004572726FF4
:100F4000723A25732C256C640D0A00001CB5002430
:100F5000FDF74CFC0C48006868B10B491F20091DC7
:100F6000CDE9000100234FF4827208A10948FFF780
:100F7000E5FD040005D140F2331207A10CA0F8F7FB
:100F80002FF920461CBD0000AC000020546D7220DB
:100F90005376630001EF02082E2E5C46726565529F
:100FA000544F535C74696D6572732E6300000000CA
:100FB0004572726F723A25732C256C640D0A00001D
:100FC0002DE9FF47DDF830A0994690460D46060012
:100FD0004FF0000705D14FF4D37212A117A0F8F714
:100FE000FFF81A4C206880B1CDE900580296062D12
:100FF00011DAFFF7CFFD02284FF0000309D00022DD
:1010000069462068FFF722FC074604B03846BDE871
:10101000F0875246F4E700234A466946FFF7DAFCB8
:10102000F2E700002E2E5C4672656552544F535C09
:1010300074696D6572732E63000000004572726FF3
:10104000723A25732C256C640D0A0000AC00002058
:10105000000000000102030401020304060708095E
:101060000000000000000000000000000000000080
:101070003F40000000000000000030004000300051
:101080004000000009000BC03D000BC03D000900FE
:1010900018C024407FE0224031800000180024C0A6
:1010A0001B000D803240018003801C4027401C80C3
:1010B0000740004010006000000000000000000039
:1010C0000000000000001F80204040200000402061
:1010D00020401F8000000000090006001F8006005D
:1010E00009000000040004003F8004000400000028
:1010F0000010006000000000000000000400040078
:101100000400040004000000000000400000000093
:1011100000000000002001C0060038004000000070
:101120001F802040204020401F8000000000104011
:101130003FC000400000000018C021402240244071
:101140001840000010802040244024401B800000F4
:1011500002000D0011003FC0014000003C8024400F
:1011600024402440238000001F8024402440344039
:10117000038000003000200027C03800200000005D
:101180001B802440244024401B8000001C0022C0FF
:10119000224022401F8000000000000008400000A4
:1011A00000000000000000000460000000000000DB
:1011B000000004000A0011002080404009000900DE
:1011C00009000900090000000000404020801100D3
:1011D0000A0004001800200023402400180000002A
:1011E0001F802040274029401F400000004007C0CA
:1011F00039000F0001C0004020403FC0244024407F
:101200001B8000001F8020402040204030800000D4
:1012100020403FC0204020401F80000020403FC0B1
:1012200024402E4030C0000020403FC024402E000B
:10123000300000000F001080204022403380020068
:1012400020403FC0040004003FC020402040204018
:101250003FC02040204000000060202020203FC0F0
:101260002000200020403FC024400B0030C0204020
:1012700020403FC020400040004000C03FC03C0034
:1012800003C03C003FC0000020403FC00C40230092
:101290003FC020001F802040204020401F800000D1
:1012A00020403FC024402400180000001F8021403F
:1012B000214020E01FA0000020403FC02440260025
:1012C00019C0004018C02440244022403180000052
:1012D000300020403FC020403000000020003F8010
:1012E000004000403F80200020003E0001C0070079
:1012F00038002000380007C03C0007C0380000005C
:10130000204039C0060039C020400000200038408D
:1013100007C0384020000000304021C0264038403F
:1013200020C00000000000007FE0402040200000BE
:10133000000070000C00038000400000000040200E
:1013400040207FE00000000000002000400020005E
:10135000000000000010001000100010001000102D
:1013600000000000400000000000000000000280BB
:101370000540054003C0004020003FC00440044039
:101380000380000000000380044004400640000089
:1013900000000380044024403FC000400000038060
:1013A0000540054003400000000004401FC02440E9
:1013B00024402000000002E00550055006500420A3
:1013C00020403FC00440040003C00040000004402F
:1013D00027C000400000000000100010041027E0AB
:1013E0000000000020403FC00140070004C004404E
:1013F000204020403FC000400040000007C00400E3
:1014000007C0040003C00000044007C004400400FB
:1014100003C000400000038004400440038000003B
:10142000041007F004500440038000000000038013
:101430000440045007F00010044007C002400400BC
:1014400004000000000006400540054004C0000004
:10145000000004001F8004400040000004000780DA
:101460000040044007C000400400070004C00180A1
:1014700006000400060001C0070001C006000000CD
:10148000044006C0010006C004400000041007101C
:1014900004E00180060004000000044005C006408E
:1014A000044000000000000004007BE04020000039
:1014B000000000000000FFF00000000000004020DD
:1014C0007BE004000000000040008000400020009D
:1014D00020004000000000000000000000000000AC
:1014E000000000000000000000001FCC000C000005
:1014F000000000000000080030006000080030001C
:1015000060000000022003FC1E20022003FC1E20BD
:101510000220000000000E1811043FFF10840C7818
:10152000000000000F0010840F3800C007781884F6
:101530000078000000780F8410C411240E9800E495
:10154000008400080800680070000000000000002F
:101550000000000000000000000007E01818200450
:1015600040020000000040022004181807E00000BC
:10157000000000000240024001800FF001800240A4
:10158000024000000080008000800FF80080008092
:10159000008000000001000D000E000000000000AF
:1015A00000000000000000800080008000800080BB
:1015B000008000800000000C000C00000000000013
:1015C0000000000000000006001800600180060016
:1015D00018002000000007F0080810041004080894
:1015E00007F000000000080408041FFC00040004C9
:1015F0000000000000000E0C101410241044118490
:101600000E0C000000000C181004110411041288C4
:101610000C700000000000E00320042408241FFCDC
:101620000024000000001F98108411041104108889
:1016300010700000000007F00888110411041888D9
:101640000070000000001C00100010FC13001C00C3
:101650001000000000000E38114410841084114462
:101660000E38000000000700088C10441044088861
:1016700007F00000000000000000030C030C000055
:101680000000000000000000000101060000000052
:101690000000000000000080014002200410080843
:1016A000100400000220022002200220022002205A
:1016B000022000000000100408080410022001406D
:1016C0000080000000000E001200100C106C108052
:1016D0000F00000003E00C1813E4142417C40828BA
:1016E00007D000000004003C03C41C40074000E495
:1016F000001C000410041FFC1104110411040E88C6
:101700000070000003E00C1810041004100410080E
:101710001C10000010041FFC100410041004080822
:1017200007F0000010041FFC1104110417C410047A
:101730000818000010041FFC1104110017C010004D
:101740000800000003E00C181004100410441C787A
:101750000040000010041FFC1084008000801084F2
:101760001FFC10040000100410041FFC10041004DF
:101770000000000000030001100110011FFE100016
:101780001000000010041FFC110403801464181CD6
:101790001004000010041FFC1004000400040004E6
:1017A000000C000010041FFC1F0000FC1F001FFCA9
:1017B0001004000010041FFC0C04030000E01018CB
:1017C0001FFC100007F0080810041004100408089B
:1017D00007F0000010041FFC10841080108010809F
:1017E0000F00000007F0081810241024101C080A2D
:1017F00007F2000010041FFC1104110011C0113089
:101800000E0C000400000E1C1104108410841044FF
:101810001C3800001800100010041FFC10041000F9
:101820001800000010001FF8100400040004100449
:101830001FF8100010001E0011E0001C0070138043
:101840001C0010001FC0103C00E01F0000E0103C16
:101850001FC000001004180C163401C001C016345B
:10186000180C100410001C00130400FC13041C00CE
:10187000100000000804101C1064108413041C04E1
:10188000101800000000000000007FFE400240022F
:1018900040020000000030000C0003800060001CCB
:1018A0000003000000004002400240027FFE0000F2
:1018B0000000000000000000200040004000400048
:1018C00020000000000100010001000100010001F2
:1018D0000001000100004000400020000000000066
:1018E000000000000000009801240144014401446C
:1018F00000FC000410001FFC0088010401040088A3
:101900000070000000000070008801040104010460
:101910000088000000000070008801040104110824
:101920001FFC0004000000F801440144014401448C
:1019300000C800000000010401040FFC11041104A0
:1019400011001800000000D601290129012901C950
:101950000106000010041FFC0084010001000104C6
:1019600000FC000400000104190419FC0004000438
:10197000000000000000000300010101190119FE30
:101980000000000010041FFC0024004001B4010C02
:10199000010400000000100410041FFC00040004F7
:1019A00000000000010401FC0104010001FC01042D
:1019B000010000FC010401FC00840100010001049D
:1019C00000FC0004000000F801040104010401040B
:1019D00000F80000010101FF0085010401040088F6
:1019E000007000000000007000880104010401057F
:1019F00001FF00010104010401FC00840104010055
:101A000001800000000000CC0124012401240124F5
:101A10000198000000000100010007F80104010422
:101A200000000000010001F80004000400040108A7
:101A300001FC0004010001800170000C0010016035
:101A40000180010001F0010C003001C00030010CE8
:101A500001F0010000000104018C00740170018C90
:101A600001040000010101810171000E00180160F4
:101A70000180010000000184010C01340144018453
:101A8000010C0000000000000000000001003EFC0E
:101A9000400240020000000000000000FFFF0000C4
:101AA000000000000000400240023EFC0100000077
:101AB0000000000000006000800080004000400046
:101AC00020002000000000000000000000000000D6
:101AD0000000000000000000000000000000000006
:101AE00000000000000000000000000000000000F6
:101AF000000000000000000F80380FFE380F803813
:101B000000000000000000000000000000000000D5
:101B100000000100000600000C0000380000310049
:101B2000000600000C00003800003000000000003B
:101B30000000000061800067F807F9800061800004
:101B400061800061800061800067F807F9800061B2
:101B50008000000000000000000001C0E003E0F091
:101B60000630080418081FFFFE040E080787F0035C
:101B700081E000000000000001F000060C000404F9
:101B800008060C7001F9C0000E00003BE000EC18E4
:101B9000070808040C180003E00000000001E00042
:101BA00007F003F818041C0804170807E1D003C065
:101BB000E00023B0003C08002008000010000000F6
:101BC0000000000100003100003200001C00000095
:101BD0000000000000000000000000000000000005
:101BE00000000000000000000000000000000000F5
:101BF000000000007F0001FFC00780F00C001810FB
:101C0000000420000200000000000020000210007C
:101C1000040C00180780F001FFC0007F00000000E6
:101C200000000000000000000000000000000000B4
:101C30004200006600006600003C0000180003FF40
:101C4000C0001800003C0000660000660000420072
:101C50000000000008000008000008000008000064
:101C6000080001FFC000080000080000080000088C
:101C700000000800000000000001000031000032F8
:101C800000001C0000000000000000000000000038
:101C90000000000000000000000000000800000834
:101CA000000008000008000008000008000008000C
:101CB000000800000800000800000000000000000C
:101CC000000000003800003800003800000000006C
:101CD0000000000000000000000000000000000004
:101CE00000000000000600001C00007000018000E1
:101CF0000E0000380000C0000700001C000030008B
:101D000000000000000000007F8001FFE003807001
:101D1000060018040008040008060018038070017B
:101D2000FFE0007F800000000000000000000100D4
:101D30000801000801000803FFF807FFF800000889
:101D40000000080000080000000000000000000182
:101D5000C03802C058040098040118040218040492
:101D600018061C1803F81801E0F800000000000035
:101D700000000001C0E003C0F004000804080804EB
:101D8000080806180803F41801E7F00001E0000055
:101D900000000000000000000300000D0000110022
:101DA00000610000810803010807FFF80FFFF80039
:101DB00001080001080000000000000000E007FC2E
:101DC000D00608080610080610080610080618387D
:101DD000060FF00607C00000000000000000000031
:101DE0003F8001FFE003843002081804100804104B
:101DF00008041008071810030FF00007C0000000C7
:101E000000000000000003C00007000006000006FC
:101E100000F80607F806180006E0000700000600B4
:101E20000000000000000001E1E003F7F0063410BC
:101E3000041808041808040C08040C0806161803F3
:101E4000F3F001C1E000000000000000F80003FC16
:101E500030030638040208040208040208040410CF
:101E60000308F001FFC0007F000000000000000038
:101E7000000000000000000000000000703800704A
:101E80003800703800000000000000000000000072
:101E90000000000000000000000000000000000042
:101EA000301A00301C00000000000000000000009C
:101EB0000000000000000000000000080000140006
:101EC0000022000041000080800100400200200448
:101ED00000100800080000000000000021000021A0
:101EE000000021000021000021000021000021004D
:101EF000002100002100002100000000000000007F
:101F000000000800080400100200200100400080CA
:101F100080004100002200001400000800000000C2
:101F200000000003C00004C00004000008003808DE
:101F30000F380808380810000C300007E00003C014
:101F400000000000000000003F8000FFE003807000
:101F5000020F1006708804C088048308047F88027A
:101F6000C09003012000FE4000000800001800019E
:101F7000F8003E0801C20007020007E20000FE0070
:101F8000001FC80001F8000038000008040008071E
:101F9000FFF807FFF8040808040808040808040804
:101FA0000806180803F41801E7F00001E00000003B
:101FB000000000003F8001FFE00380700200180471
:101FC0000008040008040008040010060020078030
:101FD000C000000004000807FFF807FFF80400082D
:101FE00004000804000804001802001003807001B7
:101FF000FFE0007F8000000004000807FFF807FFF3
:10200000F8040808040808040808040808043E083E
:102010000400080600180100600000000400080722
:10202000FFF807FFF8040808040800040800040883
:1020300000043E00060000060000018000000000D1
:10204000000000003F8001FFE003807006001804DC
:1020500000080402080402080203F00783F00002EB
:102060000000020004000807FFF807FFF804080852
:102070000008000008000008000008000408080725
:10208000FFF807FFF804000800000000000004004B
:102090000804000804000807FFF807FFF804000818
:1020A0000400080400080000000000000000000018
:1020B0000006000007000001040001040001040004
:1020C0000307FFFE07FFFC040000040000040000FB
:1020D00004000807FFF807FFF8040C0800180000C8
:1020E0003E0004C7800503C80600F8040038040059
:1020F0001800000804000807FFF807FFF8040008AC
:1021000000000800000800000800000800000800A7
:10211000001800006000000004000807FFF80780B6
:102120000807FC00007FC00003F80007C00078002B
:1021300007800807FFF807FFF804000804000807F5
:10214000FFF807000803C00000E000003800001E90
:10215000000007000001C00400F007FFF8040000C1
:10216000000000007F8001FFE0038070060018047B
:10217000000804000806001803003001FFE0007F9B
:102180008000000004000807FFF807FFF8040408B7
:10219000040400040400040400040400060C00030A
:1021A000F80001F000000000000000007F8001FF47
:1021B000E00380700600880400880400C806003C24
:1021C00003003E01FFE6007F8400000004000807D2
:1021D000FFF807FFF8040808040800040C00040FC7
:1021E00000040BC00610F003F03801E008000008FE
:1021F00000000001E0F803F0300630100418080475
:102200001808040C08040C080206180207F00781DD
:10221000E00000000180000600000400000400004F
:1022200004000807FFF807FFF80400080400000492
:10223000000006000001800004000007FFE007FF27
:10224000F004001800000800000800000800000862
:1022500000000804001007FFE0040000040000066E
:10226000000007E00007FE00041FE00001F8000086
:10227000380001E0043E0007C00006000004000032
:1022800004000007E00007FFC0041FF80007C007B4
:10229000F80007FF80043FF80007C004F8000700BB
:1022A0000004000000000004000806001807C078C1
:1022B00005F1C8003E00001F800463E80780F806AF
:1022C0000018040008000000040000060000078059
:1022D0000007E008047C08001FF80007F800180851
:1022E00004E00807000006000004000000000001F0
:1022F00000080600380400F80403E8040F08047C12
:102300000805F00807C00807001804006000000076
:102310000000000000000000000000000000003F7E
:10232000FFFE200002200002200002200002200008
:10233000020000000000000000000800000700008C
:1023400000C0000038000006000001C0000030009E
:10235000000E00000100000000000000000020004E
:10236000022000022000022000022000023FFFFEA7
:10237000000000000000000000000000000000005D
:1023800000000000000800001000003000002000E5
:1023900000300000100000080000000000000000F5
:1023A0000000010000010000010000010000010028
:1023B0000001000001000001000001000001000018
:1023C00001000001000000000000000000200000EB
:1023D00020000010000010000000000000000000BD
:1023E00000000000000000000000000000F00019E4
:1023F000F8001B18002208002608002408002410FA
:10240000003FF8001FF8000008000018000000045A
:10241000000007FFF80FFFF0001818001008002058
:1024200008002008003018001FF0000FC000000056
:102430000000000007C0001FF00018300020080056
:102440002008002008003C08001C1000006000006C
:10245000000000000000000007C0001FF000381856
:1024600000200800200800200804101007FFF80FC3
:10247000FFF0000010000000000000000000000756
:10248000C0001FF0001230002218002208002208AD
:10249000003208001E10000E2000000000000000A6
:1024A000200000200800200801FFF803FFF80620A4
:1024B0000804200804200807200003000000000092
:1024C00000000000000E000E6E001FF30031B1008E
:1024D00020B10020B1003191001F13002E1E0020FA
:1024E0000E00300000000004000807FFF80FFFF89E
:1024F000001008002000002000002008003FF80025
:102500001FF800000800000000000000000000208C
:1025100008002008002008063FF8063FF8000008E1
:10252000000008000008000000000000000000009B
:102530000000000003000003002001002001002033
:1025400003063FFE063FFC00000000000000000004
:1025500000000004000807FFF80FFFF800018800E2
:102560000300002FC00038F80020380020080000C9
:10257000080000000000000000000400080400083B
:1025800004000807FFF80FFFF8000008000008002B
:102590000008000000000000002008003FF8003F95
:1025A000F8001008002000003FF8003FF800100875
:1025B000002000003FF8003FF80000080000000085
:1025C0002008003FF8003FF800100800100000202D
:1025D00000002008003FF8001FF80000080000007D
:1025E0000000000007C0000FF000183000300800A5
:1025F0002008002008003008001830000FF0000705
:10260000C0000000000000002001003FFF003FFF6D
:1026100000101100200900200800200800303800B8
:102620001FF0000FC00000000000000007C0001FE6
:10263000F0003818002008002008002009001011C0
:10264000001FFF003FFF0000010000000020080005
:102650002008002008003FF8003FF800080800109C
:1026600008002008002000003000003000000000BA
:10267000000000000000000C78001E180033080065
:1026800023080021080021880021980030F000383C
:10269000600000000000000020000020000020007A
:1026A00000FFF003FFF800200800200800200800C9
:1026B0000030000000000000000000002000003F8B
:1026C000F0007FF80000180000080000080020104B
:1026D000003FF8007FF00000100000000000000044
:1026E0002000003000003C00003F800023F000008C
:1026F00078000070002380003C00003000002000C3
:10270000002000003C00003FE00023F80000E00053
:102710002700003E00003FE00021F80001E0003EFD
:1027200000002000000000002008002008003838C9
:10273000003E680027800003C8002CF800383800ED
:1027400020180020080000000000000020000030D9
:1027500003003C01003F830023EC00007000238055
:10276000003C0000200000200000000000000000ED
:1027700000000038080020380020F80023E8002F6F
:1027800088003E0800380800201800007000000093
:102790000000000000000000000000000000000039
:1027A00008000014001FF7FC3000062000020000A3
:1027B0000000000000000000000000000000000019
:1027C000000000000000FFFFFF000000000000000C
:1027D00000000000000000000000000000002000D9
:1027E000023000061FF7FC00140000080000000083
:1027F00000000000000000000000000000000018C1
:1028000000006000004000004000002000001000B8
:10281000000800000400000400000C00001000008C
:1028200000000000000000000000000000000000A8
:102830000000000000000000000000000000000098
:102840000000000000000000000000000000000088
:102850000000000000000000000000000000000078
:102860000000000000000000000000000000000068
:102870000000000000000000000000000000000058
:102880000000000000000000000000000000000048
:102890000000000000000000000000000000000038
:1028A0000000000000000000000000000000000028
:1028B000000000000000000007F000C007FFE1E09A
:1028C00007F001E0000000C0000000000000000070
:1028D00000000000000000000000000000000000F8
:1028E00000000000000000000000000000000000E8
:1028F00000000000000000000000000000000000D8
:1029000000000000000000000000000000000000C7
:1029100000000000000000000000000000000000B7
:1029200000000000000000000020000001C00000C6
:10293000078000001F0000001E0000001C20000097
:1029400001C00000078000001F0000001E00000002
:102950001C0000000000000000000000000000005B
:102960000000000000000000000000000000000067
:102970000000000000000000000000000000000057
:102980000000000000000000000000000000000047
:102990000000000000000000000000000000000037
:1029A0000000000000180C0000180C0000180FE0D8
:1029B000001FFC0003F80C0000180C0000180C00AD
:1029C00000180C0000180C0000180FE0001FFC009D
:1029D00003F80C0000180C0000180C0000000000A8
:1029E00000000000000000000000000000000000E7
:1029F00000000000000000000000000000000000D7
:102A000000000000000000000000000000000000C6
:102A100000000000000000000000000000000000B6
:102A2000000000000000000000000780007807C0E0
:102A300000FC0640010E0020030700200203802056
:102A40000FFFFFFC0201C0200200E0600130704077
:102A500001F03F8000F01F000000000000000000B7
:102A60000000000000000000000000000000000066
:102A70000000000000000000000000000000000056
:102A80000000000000000000000000000000000046
:102A90000000000000000000000000000000000036
:102AA00000FE000001FF00000301800002008060C2
:102AB000030181C001FF070000FE18000000E000D4
:102AC0000003BF00000CFFC00071806001C1002046
:102AD000030180600000FFC000003F000000000014
:102AE00000000000000000000000000000000000E6
:102AF00000000000000000000000000000000000D6
:102B000000000000000000000000000000000000C5
:102B100000000000000000000000000000000000B5
:102B200000001F0000007FC000FCC0C001FF8060EB
:102B30000303E0200202782002061E2003FC074067
:102B400001F00380000103C000011C600001E020CF
:102B50000001002000010040000001800000000092
:102B60000000000000000000000000000000000065
:102B70000000000000000000000000000000000055
:102B80000000000000000000000000000000000045
:102B90000000000000000000000000000000000035
:102BA00000000000002000001C6000001C4000002D
:102BB0001F8000000F000000000000000000000067
:102BC0000000000000000000000000000000000005
:102BD00000000000000000000000000000000000F5
:102BE00000000000000000000000000000000000E5
:102BF00000000000000000000000000000000000D5
:102C000000000000000000000000000000000000C4
:102C100000000000000000000000000000000000B4
:102C200000000000000000000000000000000000A4
:102C30000000000000000000000000000007F80095
:102C4000003FFF00007807C001C000E00300003033
:102C5000040000080800000410000002000000004A
:102C60000000000000000000000000000000000064
:102C70000000000000000000000000000000000054
:102C80000000000000000000000000000000000044
:102C90000000000000000000000000000000000034
:102CA00000000000100000020800000404000008FA
:102CB0000300003001C000E0007807C0003FFF00C3
:102CC0000007F80000000000000000000000000005
:102CD00000000000000000000000000000000000F4
:102CE00000000000000000000000000000000000E4
:102CF00000000000000000000000000000000000D4
:102D000000000000000000000000000000000000C3
:102D100000000000000000000000000000000000B3
:102D20000000000000000000000C1800000E380039
:102D3000000E380000063000000360000061438090
:102D400000FFFF80006143000003600000063000C8
:102D5000000E3800000E3800000C180000000000C3
:102D60000000000000000000000000000000000063
:102D70000000000000000000000000000000000053
:102D80000000000000000000000000000000000043
:102D90000000000000000000000000000000000033
:102DA0000000000000000000000080000000800023
:102DB0000000800000008000000080000000800013
:102DC000007FFF0000008000000080000000800005
:102DD0000000800000008000000080000000000073
:102DE00000000000000000000000000000000000E3
:102DF00000000000000000000000000000000000D3
:102E000000000000000000000000000000000000C2
:102E100000000000000000000000000000000000B2
:102E20000000000000000001000000E3000000E2DC
:102E3000000000FC0000007800000000000000001E
:102E40000000000000000000000000000000000082
:102E50000000000000000000000000000000000072
:102E60000000000000000000000000000000000062
:102E70000000000000000000000000000000000052
:102E80000000000000000000000000000000000042
:102E90000000000000000000000000000000000032
:102EA00000000000000080000000800000008000A2
:102EB0000000800000008000000080000000800012
:102EC0000000800000008000000080000000800002
:102ED0000000800000008000000080000000000072
:102EE00000000000000000000000000000000000E2
:102EF00000000000000000000000000000000000D2
:102F000000000000000000000000000000000000C1
:102F100000000000000000000000000000000000B1
:102F20000000000000000000000000C0000001E000
:102F3000000001E0000000C00000000000000000F0
:102F40000000000000000000000000000000000081
:102F50000000000000000000000000000000000071
:102F60000000000000000000000000000000000061
:102F70000000000000000000000000000000000051
:102F80000000000000000000000000000000000041
:102F90000000000000000000000000000000000031
:102FA000000000000000000C00000038000000E0FD
:102FB0000000038000000E00000038000000E00068
:102FC00000038000000E00000038000000E0000058
:102FD000038000000E000000180000000000000048
:102FE00000000000000000000000000000000000E1
:102FF00000000000000000000000000000000000D1
:1030000000000000000000000000000000000000C0
:1030100000000000000000000000000000000000B0
:103020000000000000000000000FF800007FFF001B
:1030300000F00780018000C0030000600200002053
:10304000020000200200002003000060018000C098
:1030500000E00380007FFF00000FF8000000000088
:103060000000000000000000000000000000000060
:103070000000000000000000000000000000000050
:103080000000000000000000000000000000000040
:103090000000000000000000000000000000000030
:1030A0000000000000000000000000000080002080
:1030B00000800020008000200080006001FFFFE011
:1030C00003FFFFE00000006000000020000000207F
:1030D00000000020000000000000000000000000D0
:1030E00000000000000000000000000000000000E0
:1030F00000000000000000000000000000000000D0
:1031000000000000000000000000000000000000BF
:1031100000000000000000000000000000000000AF
:103120000000000000000000007800E0009801604E
:1031300001000260020004600200086002001060EA
:103140000200206002004060030080600183006094
:1031500001FE00E0007C078000000000000000008D
:10316000000000000000000000000000000000005F
:10317000000000000000000000000000000000004F
:10318000000000000000000000000000000000003F
:10319000000000000000000000000000000000002F
:1031A000000000000000000000F0078001F007C0F0
:1031B0000100004002000020020100200201002066
:1031C00002010020030380200186804001FCC0C072
:1031D00000787F8000001E0000000000000000005A
:1031E00000000000000000000000000000000000DF
:1031F00000000000000000000000000000000000CF
:1032000000000000000000000000000000000000BE
:1032100000000000000000000000000000000000AE
:103220000000000000000800000038000000480016
:103230000001880000060800000C0810003008108B
:103240000040081001FFFFF003FFFFF003FFFFF055
:103250000000081000000810000008100000000026
:10326000000000000000000000000000000000005E
:10327000000000000000000000000000000000004E
:10328000000000000000000000000000000000003E
:10329000000000000000000000000000000000002E
:1032A000000000000000000000000780001F8640B2
:1032B00003E1002003020020030400200304002097
:1032C000030400200304002003060040030301C0A0
:1032D0000301FF8003007E000000000000000000EA
:1032E00000000000000000000000000000000000DE
:1032F00000000000000000000000000000000000CE
:1033000000000000000000000000000000000000BD
:1033100000000000000000000000000000000000AD
:1033200000000000000000000007FC00003FFF005C
:103330000070C380008180C0010100600302002092
:1033400002020020020200200202002002030040CC
:1033500001C180C000C0FF8000007E0000000000AE
:10336000000000000000000000000000000000005D
:10337000000000000000000000000000000000004D
:10338000000000000000000000000000000000003D
:10339000000000000000000000000000000000002D
:1033A000000000000000000000F0000003C000006A
:1033B0000380000003000000030007E003003FE07B
:1033C0000301C000030600000318000003600000B2
:1033D0000380000003000000000000000000000067
:1033E00000000000000000000000000000000000DD
:1033F00000000000000000000000000000000000CD
:1034000000000000000000000000000000000000BC
:1034100000000000000000000000000000000000AC
:103420000000000000001F0000783F8000FC60C02A
:10343000018EC0400307802002030020020180208B
:10344000020180200201C0200301E040018670C01B
:1034500000FC3F8000781F0000000000000000001A
:10346000000000000000000000000000000000005C
:10347000000000000000000000000000000000004C
:10348000000000000000000000000000000000003C
:10349000000000000000000000000000000000002C
:1034A00000000000003F000000FF81C001C0C1C05B
:1034B00001006020020020200200202002002020C5
:1034C00002002060020040C00100C18000C18F00E6
:1034D000007FFE00001FF000000000000000000060
:1034E00000000000000000000000000000000000DC
:1034F00000000000000000000000000000000000CC
:1035000000000000000000000000000000000000BB
:1035100000000000000000000000000000000000AB
:10352000000000000000000000000000000000009B
:103530000000000000000000000300C0000781E060
:10354000000781E0000300C0000000000000000050
:10355000000000000000000000000000000000006B
:10356000000000000000000000000000000000005B
:10357000000000000000000000000000000000004B
:10358000000000000000000000000000000000003B
:10359000000000000000000000000000000000002B
:1035A000000000000000000000000000000000001B
:1035B0000000000000000000000600660006007821
:1035C00000000000000000000000000000000000FB
:1035D00000000000000000000000000000000000EB
:1035E00000000000000000000000000000000000DB
:1035F00000000000000000000000000000000000CB
:1036000000000000000000000000000000000000BA
:1036100000000000000000000000000000000000AA
:103620000000000000000000000080000001C00059
:103630000003600000063000000C180000180C00A9
:10364000003006000060030000C00180010000405F
:103650000200002004000010000000000000000034
:10366000000000000000000000000000000000005A
:10367000000000000000000000000000000000004A
:10368000000000000000000000000000000000003A
:10369000000000000000000000000000000000002A
:1036A00000000000000410000004100000041000DE
:1036B00000041000000410000004100000041000BA
:1036C00000041000000410000004100000041000AA
:1036D00000041000000410000004100000000000AE
:1036E00000000000000000000000000000000000DA
:1036F00000000000000000000000000000000000CA
:1037000000000000000000000000000000000000B9
:1037100000000000000000000000000000000000A9
:103720000000000000000000040000100200002063
:103730000100004000C0018000600300003006006E
:1037400000180C00000C1800000630000003600098
:103750000001C00000008000000000000000000028
:103760000000000000000000000000000000000059
:103770000000000000000000000000000000000049
:103780000000000000000000000000000000000039
:103790000000000000000000000000000000000029
:1037A00000000000000000000078000001F80000A8
:1037B0000238000002000000040000C0040079E0AC
:1037C000040081E0040100C00403000002020000C4
:1037D0000306000001FC000000F8000000000000EB
:1037E00000000000000000000000000000000000D9
:1037F00000000000000000000000000000000000C9
:1038000000000000000000000000000000000000B8
:1038100000000000000000000000000000000000A8
:1038200000000000000FF800003FFE00007007805D
:1038300000C000C00101F8400307FC20021E042064
:103840000230082002203020023FFC20013F0440CB
:1038500001800CC000E03180001FC20000000000A9
:103860000000000000000000000000000000000058
:103870000000000000000000000000000000000048
:103880000000000000000000000000000000000038
:103890000000000000000000000000000000000028
:1038A0000000002000000060000003E000003E2057
:1038B0000003E020003E200003E020000380200001
:1038C00007FC2000003FE0000003FE2000003FE076
:1038D000000001E0000000200000002000000000C7
:1038E00000000000000000000000000000000000D8
:1038F00000000000000000000000000000000000C8
:1039000000000000000000000000000000000000B7
:1039100000000000000000000000000000000000A7
:1039200000000000020000200200002003FFFFE072
:1039300003FFFFE00201002002010020020100203D
:1039400002010020020100200303002001868060A4
:1039500001FCC0C000F87F8000001F0000000000D4
:103960000000000000000000000000000000000057
:103970000000000000000000000000000000000047
:103980000000000000000000000000000000000037
:103990000000000000000000000000000000000027
:1039A000000000000007F800003FFF0000700780E3
:1039B00000C000C001000040030000200200002001
:1039C0000200002002000020020000200100004050
:1039D000018000C003C0018000300600000000002C
:1039E00000000000000000000000000000000000D7
:1039F00000000000000000000000000000000000C7
:103A000000000000000000000000000000000000B6
:103A100000000000000000000000000000000000A6
:103A200000000000020000200200002003FFFFE071
:103A300003FFFFE00200002002000020020000203F
:103A4000020000200300006001000040018000C06F
:103A500000F00780007FFE00000FF800000000006B
:103A60000000000000000000000000000000000056
:103A70000000000000000000000000000000000046
:103A80000000000000000000000000000000000036
:103A90000000000000000000000000000000000026
:103AA00000000000020000200200002003FFFFE0F1
:103AB00003FFFFE0020100200201002002010020BC
:103AC000020100200201002002038020020FE020FA
:103AD0000300006003C000E000600300000000007D
:103AE00000000000000000000000000000000000D6
:103AF00000000000000000000000000000000000C6
:103B000000000000000000000000000000000000B5
:103B100000000000000000000000000000000000A5
:103B200000000000020000200200002003FFFFE070
:103B300003FFFFE00201002002010020020100005B
:103B400002010000020100000201000002038000E7
:103B5000030FE0000300000003C00000006000004D
:103B60000000000000000000000000000000000055
:103B70000000000000000000000000000000000045
:103B80000000000000000000000000000000000035
:103B90000000000000000000000000000000000025
:103BA000000000000007F800003FFE0000700780E2
:103BB00001C001C0010000400300002002000020FD
:103BC000020000200200002001002020010020400F
:103BD00003C03F8000303F80000020000000200034
:103BE00000000000000000000000000000000000D5
:103BF00000000000000000000000000000000000C5
:103C000000000000000000000000000000000000B4
:103C100000000000000000000000000000000000A4
:103C2000020000200200002003FFFFE003FFFFE08E
:103C30000200802002008020000080000000800040
:103C400000008000020080200200802003FFFFE0CF
:103C500003FFFFE00200002002000020000000003F
:103C60000000000000000000000000000000000054
:103C70000000000000000000000000000000000044
:103C80000000000000000000000000000000000034
:103C90000000000000000000000000000000000024
:103CA00000000000000000000000000002000020F2
:103CB00002000020020000200200002003FFFFE0BD
:103CC00003FFFFE0020000200200002002000020AD
:103CD00002000020000000000000000000000000C2
:103CE00000000000000000000000000000000000D4
:103CF00000000000000000000000000000000000C4
:103D000000000000000000000000000000000000B3
:103D100000000000000000000000000000000000A3
:103D2000000000000000000E0000000F0000000F67
:103D30000000000102000001020000010200000377
:103D40000200000603FFFFFC03FFFFF80200000073
:103D5000020000000200000002000000000000005D
:103D60000000000000000000000000000000000053
:103D70000000000000000000000000000000000043
:103D80000000000000000000000000000000000033
:103D90000000000000000000000000000000000023
:103DA00000000000020000200200002003FFFFE0EE
:103DB00003FFFFE00200C020020100200007800096
:103DC000000FE0000030F80002603E2003800F206A
:103DD000030003E0020000E00200002000000020D9
:103DE00000000000000000000000000000000000D3
:103DF00000000000000000000000000000000000C3
:103E000000000000000000000000000000000000B2
:103E100000000000000000000000000000000000A2
:103E200000000000020000200200002003FFFFE06D
:103E300003FFFFE00200002002000020000000203D
:103E400000000020000000200000002000000020F2
:103E500000000060000000E000000300000000001F
:103E60000000000000000000000000000000000052
:103E70000000000000000000000000000000000042
:103E80000000000000000000000000000000000032
:103E90000000000000000000000000000000000022
:103EA000020000200200002003FFFFE003E00020EA
:103EB00003FF0020001FF0000001FF8000000FE062
:103EC00000001E000003E000003E002003E0002090
:103ED00003FFFFE003FFFFE00200002002000020DC
:103EE00000000000000000000000000000000000D2
:103EF00000000000000000000000000000000000C2
:103F000000000000000000000000000000000000B1
:103F100000000000000000000000000000000000A1
:103F2000020000200200002003FFFFE003800020C9
:103F300003F0002000FC0000001F00000007C0008C
:103F40000001F00000007C0002001F80020007E07A
:103F500003FFFFE00200000002000000000000007C
:103F60000000000000000000000000000000000051
:103F70000000000000000000000000000000000041
:103F80000000000000000000000000000000000031
:103F90000000000000000000000000000000000021
:103FA00000000000000FF800003FFE0000F0078056
:103FB000018000C00100004002000020020000203B
:103FC000020000200200002001000040018000C02B
:103FD00000F00380003FFE00000FF800000000002A
:103FE00000000000000000000000000000000000D1
:103FF00000000000000000000000000000000000C1
:1040000000000000000000000000000000000000B0
:1040100000000000000000000000000000000000A0
:1040200000000000020000200200002003FFFFE06B
:1040300003FFFFE0020080200200802002008000D9
:104040000200800002008000020080000301800066
:104050000183000000FE0000007C00000000000062
:104060000000000000000000000000000000000050
:104070000000000000000000000000000000000040
:104080000000000000000000000000000000000030
:104090000000000000000000000000000000000020
:1040A00000000000000FF800007FFF0000F0038018
:1040B000018001C00100064002000420020004202B
:1040C00002000620020003E0010000F80180005C0D
:1040D00000E0038C003FFF0C000FFC180000000004
:1040E00000000000000000000000000000000000D0
:1040F00000000000000000000000000000000000C0
:1041000000000000000000000000000000000000AF
:10411000000000000000000000000000000000009F
:1041200000000000020000200200002003FFFFE06A
:1041300003FFFFE0020100200201002002018000D5
:104140000201E0000201FC0003033F80018607E05A
:1041500001FC00E000F8002000000020000000004A
:10416000000000000000000000000000000000004F
:10417000000000000000000000000000000000003F
:10418000000000000000000000000000000000002F
:10419000000000000000000000000000000000001F
:1041A00000000000000000000078060000FE01E0B2
:1041B000018600C0030300400203002002018020AA
:1041C000020180200201C0200200C0200100E06046
:1041D000018070C003E03F8000001F00000000006D
:1041E00000000000000000000000000000000000CF
:1041F00000000000000000000000000000000000BF
:1042000000000000000000000000000000000000AE
:10421000000000000000000000000000000000009E
:1042200000000000006000000380000003000000A8
:1042300002000000020000200200002003FFFFE057
:1042400003FFFFE002000020020000200200000047
:10425000020000000380000000E0000000000000F9
:10426000000000000000000000000000000000004E
:10427000000000000000000000000000000000003E
:10428000000000000000000000000000000000002E
:10429000000000000000000000000000000000001E
:1042A000020000000200000003FFFF0003FFFFC048
:1042B000020000400200006000000020000000201A
:1042C00000000020000000200200004002000080EA
:1042D00003FFFF00020000000200000000000000D9
:1042E00000000000000000000000000000000000CE
:1042F00000000000000000000000000000000000BE
:1043000000000000000000000000000000000000AD
:10431000000000000000000000000000000000009D
:1043200000000000020000000200000003C00000C6
:1043300003FC0000023FC0000003F80000007F8083
:10434000000007E000000780000078000203C000C2
:10435000023C000003C00000020000000200000058
:10436000000000000000000000000000000000004D
:10437000000000000000000000000000000000003D
:10438000000000000000000000000000000000002D
:10439000000000000000000000000000000000001D
:1043A0000200000003C0000003FF8000023FFE0087
:1043B00002007FE000000F000200F00003EF0000A9
:1043C00003FF8000020FFE0000003FE000001F001E
:1043D0000207E00003F800000300000002000000F4
:1043E00000000000000000000000000000000000CD
:1043F00000000000000000000000000000000000BD
:1044000000000000000000000000000000000000AC
:10441000000000000000000000000000000000009C
:10442000000000000200002002000020038000E0E5
:1044300003F0032002FC0C20021F30000007C00024
:104440000007F00002187C0002601F20038003E0D8
:10445000020000E002000020000000200000000038
:10446000000000000000000000000000000000004C
:10447000000000000000000000000000000000003C
:10448000000000000000000000000000000000002C
:10449000000000000000000000000000000000001C
:1044A00000000000020000000300000003C0000044
:1044B00003F80000023E0020020FC0200001FFE0D0
:1044C00000007FE000038020021C0020027000003A
:1044D0000380000002000000020000000000000055
:1044E00000000000000000000000000000000000CC
:1044F00000000000000000000000000000000000BC
:1045000000000000000000000000000000000000AB
:10451000000000000000000000000000000000009B
:104520000000000000000020006000E0038003E0C5
:1045300003000FA002003E200200F8200203E0204A
:10454000020F8020023E00200278002003E000607D
:10455000038000E0020003000000000000000000F3
:10456000000000000000000000000000000000004B
:10457000000000000000000000000000000000003B
:10458000000000000000000000000000000000002B
:10459000000000000000000000000000000000001B
:1045A000000000000000000000000000000000000B
:1045B00000000000000000001FFFFFFC10000004CE
:1045C000100000041000000410000004100000049B
:1045D00010000004100000040000000000000000B3
:1045E00000000000000000000000000000000000CB
:1045F00000000000000000000000000000000000BB
:1046000000000000000000000000000000000000AA
:10461000000000000000000000000000000000009A
:104620000000000000000000000000000700000083
:1046300003C0000000780000001E00000003C0005E
:104640000000F00000001E0000000780000000F0E5
:104650000000003C00000006000000000000000018
:10466000000000000000000000000000000000004A
:10467000000000000000000000000000000000003A
:10468000000000000000000000000000000000002A
:10469000000000000000000000000000000000001A
:1046A00000000000000000001000000410000004E2
:1046B00010000004100000041000000410000004AA
:1046C000100000041FFFFFFC0000000000000000BD
:1046D00000000000000000000000000000000000DA
:1046E00000000000000000000000000000000000CA
:1046F00000000000000000000000000000000000BA
:1047000000000000000000000000000000000000A9
:104710000000000000000000000000000000000099
:104720000000000000000000000000000000000089
:104730000200000004000000080000001800000053
:104740001000000018000000180000000400000025
:104750000200000000000000000000000000000057
:104760000000000000000000000000000000000049
:104770000000000000000000000000000000000039
:104780000000000000000000000000000000000029
:104790000000000000000000000000000000000019
:1047A0000000000100000001000000010000000105
:1047B00000000001000000010000000100000001F5
:1047C00000000001000000010000000100000001E5
:1047D00000000001000000010000000100000001D5
:1047E00000000000000000000000000000000000C9
:1047F00000000000000000000000000000000000B9
:1048000000000000000000000000000000000000A8
:104810000000000000000000000000000000000098
:104820000000000000000000000000001000000078
:104830001000000010000000180000000800000038
:104840000400000000000000000000000000000064
:104850000000000000000000000000000000000058
:104860000000000000000000000000000000000048
:104870000000000000000000000000000000000038
:104880000000000000000000000000000000000028
:104890000000000000000000000000000000000018
:1048A000000000000000038000018FC000038C6046
:1048B000000618200004102000041020000420200E
:1048C00000042040000620400003FFC00001FFE07C
:1048D0000000002000000020000000C000000000D8
:1048E00000000000000000000000000000000000C8
:1048F00000000000000000000000000000000000B8
:1049000000000000000000000000000000000000A7
:104910000000000000000000000000000000000097
:1049200000000000020000000200000003FFFFE0A2
:1049300007FFFFC0000180C00002006000020020ED
:1049400000040020000400200004002000060040B5
:10495000000300C00001FF800000FE000000000016
:104960000000000000000000000000000000000047
:104970000000000000000000000000000000000037
:104980000000000000000000000000000000000027
:104990000000000000000000000000000000000017
:1049A000000000000000000000007E000001FF8009
:1049B000000381C000020040000600200004002027
:1049C0000004002000040020000600200003C04076
:1049D0000001C08000000300000000000000000093
:1049E00000000000000000000000000000000000C7
:1049F00000000000000000000000000000000000B7
:104A000000000000000000000000000000000000A6
:104A10000000000000000000000000000000000096
:104A2000000000000000000000007E000001FF8088
:104A3000000380C000060060000400200004002085
:104A400000040020020400400202008003FFFFE097
:104A500007FFFFC000000040000000400000000011
:104A60000000000000000000000000000000000046
:104A70000000000000000000000000000000000036
:104A80000000000000000000000000000000000026
:104A90000000000000000000000000000000000016
:104AA000000000000000000000007E000001FF8008
:104AB000000311C000021040000410600004102028
:104AC00000041020000410200006102000031040F5
:104AD0000001F0C0000071000000000000000000B4
:104AE00000000000000000000000000000000000C6
:104AF00000000000000000000000000000000000B6
:104B000000000000000000000000000000000000A5
:104B10000000000000000000000000000000000095
:104B2000000000000000000000040000000400205D
:104B30000004002000040020007FFFE001FFFFE0F0
:104B400001040020030400200204002002040020CD
:104B5000020400000200000001C0000001C00000CB
:104B60000000000000000000000000000000000045
:104B70000000000000000000000000000000000035
:104B80000000000000000000000000000000000025
:104B90000000000000000000000000000000000015
:104BA00000000000000000000000001C0000E33EC8
:104BB0000003FFC200020CC3000404C1000404C1CE
:104BC000000404C1000404C100060CC10003F8C3C2
:104BD0000005F0620006007E0006003C00000000B8
:104BE00000000000000000000000000000000000C5
:104BF00000000000000000000000000000000000B5
:104C000000000000000000000000000000000000A4
:104C10000000000000000000000000000000000094
:104C200000000000020000200200002003FFFFE05F
:104C300007FFFFE000010020000200200006000046
:104C40000004000000040000000400200006002012
:104C50000003FFE00001FFE0000000200000002052
:104C60000000000000000000000000000000000044
:104C70000000000000000000000000000000000034
:104C80000000000000000000000000000000000024
:104C90000000000000000000000000000000000014
:104CA00000000000000000000000000000040020E0
:104CB0000004002000040020000400200387FFE01F
:104CC000038FFFE003800020000000200000002090
:104CD00000000020000000000000000000000000B4
:104CE00000000000000000000000000000000000C4
:104CF00000000000000000000000000000000000B4
:104D000000000000000000000000000000000000A3
:104D10000000000000000000000000000000000093
:104D2000000000000000000000000000000000067D
:104D30000000000700000001000000010004000165
:104D40000004000100040003000400060387FFFCC8
:104D5000038FFFF803800000000000000000000047
:104D60000000000000000000000000000000000043
:104D70000000000000000000000000000000000033
:104D80000000000000000000000000000000000023
:104D90000000000000000000000000000000000013
:104DA00000000000020000200200002003FFFFE0DE
:104DB00007FFFFE000000820000010200000300086
:104DC0000000FC0000058E00000707A0000601E0BF
:104DD000000400E0000400200000002000000000AB
:104DE00000000000000000000000000000000000C3
:104DF00000000000000000000000000000000000B3
:104E000000000000000000000000000000000000A2
:104E10000000000000000000000000000000000092
:104E20000000000000000000000000000200002060
:104E300002000020020000200200002003FFFFE02B
:104E400007FFFFE00000002000000020000000201D
:104E50000000002000000000000000000000000032
:104E60000000000000000000000000000000000042
:104E70000000000000000000000000000000000032
:104E80000000000000000000000000000000000022
:104E90000000000000000000000000000000000012
:104EA00000000000000400200007FFE0000FFFE00A
:104EB0000002002000040000000400200007FFE0C2
:104EC0000003FFE0000200200004000000040020B6
:104ED0000007FFE00003FFE00000002000000000EA
:104EE00000000000000000000000000000000000C2
:104EF00000000000000000000000000000000000B2
:104F000000000000000000000000000000000000A1
:104F10000000000000000000000000000000000091
:104F20000000000000040020000400200007FFE053
:104F3000000FFFE00001002000020020000200003E
:104F4000000400000004000000040020000600200F
:104F50000003FFE00001FFE000000020000000204F
:104F60000000000000000000000000000000000041
:104F70000000000000000000000000000000000031
:104F80000000000000000000000000000000000021
:104F90000000000000000000000000000000000011
:104FA000000000000000000000007E000000FF8004
:104FB000000381C000020040000600200004002021
:104FC0000004002000040020000600200002004031
:104FD000000381C00001FF8000007E00000000008F
:104FE00000000000000000000000000000000000C1
:104FF00000000000000000000000000000000000B1
:1050000000000000000000000000000000000000A0
:105010000000000000000000000000000000000090
:105020000000000000040001000400010007FFFF71
:10503000000FFFFF000100C100020041000400203A
:1050400000040020000400200004002000060040AE
:10505000000301C00001FF8000007E00000000008E
:105060000000000000000000000000000000000040
:105070000000000000000000000000000000000030
:105080000000000000000000000000000000000020
:105090000000000000000000000000000000000010
:1050A000000000000000000000007E000001FF8002
:1050B000000380C000020060000400200004002003
:1050C000000400200004002000020041000300C191
:1050D0000003FFFF0007FFFF0000000100000001C8
:1050E00000000000000000000000000000000000C0
:1050F00000000000000000000000000000000000B0
:10510000000000000000000000000000000000009F
:10511000000000000000000000000000000000008F
:105120000000000000040020000400200004002013
:1051300000040020000FFFE0000FFFE00000C0208F
:1051400000010020000200200006002000040000F2
:105150000004000000070000000300000000000041
:10516000000000000000000000000000000000003F
:10517000000000000000000000000000000000002F
:10518000000000000000000000000000000000001F
:10519000000000000000000000000000000000000F
:1051A0000000000000000000000003E00001C0E07B
:1051B0000003E040000630200004302000041820E6
:1051C000000418200004182000040C2000020C60C9
:1051D000000307C0000783800000000000000000FB
:1051E00000000000000000000000000000000000BF
:1051F00000000000000000000000000000000000AF
:10520000000000000000000000000000000000009E
:10521000000000000000000000000000000000008E
:105220000000000000000000000400000004000076
:1052300000040000000C0000001FFF8000FFFFC002
:10524000000400600004002000040020000400208E
:105250000004004000000180000000000000000089
:10526000000000000000000000000000000000003E
:10527000000000000000000000000000000000002E
:10528000000000000000000000000000000000001E
:10529000000000000000000000000000000000000E
:1052A0000000000000040000000400000007FF8070
:1052B000000FFFC000000060000000200000002080
:1052C00000000020000000200004004000040080D6
:1052D0000007FFE0000FFFC000000040000000409A
:1052E00000000000000000000000000000000000BE
:1052F00000000000000000000000000000000000AE
:10530000000000000000000000000000000000009D
:10531000000000000000000000000000000000008D
:1053200000000000000400000004000000078000EE
:105330000007F0000004FE0000041FC0000003E0AE
:105340000000038000001C000004600000078000D3
:105350000006000000040000000000000000000043
:10536000000000000000000000000000000000003D
:10537000000000000000000000000000000000002D
:10538000000000000000000000000000000000001D
:10539000000000000000000000000000000000000D
:1053A00000040000000600000007C0000007FC0029
:1053B00000043F80000003E000040F800006F000BE
:1053C0000007F0000007FF8000040FE000000380EA
:1053D00000043C000007C0000006000000040000BC
:1053E00000000000000000000000000000000000BD
:1053F00000000000000000000000000000000000AD
:10540000000000000000000000000000000000009C
:10541000000000000000000000000000000000008C
:1054200000000000000000200004002000040060D4
:10543000000700E0000783200007E6000004F800F2
:1054400000003C0000045E20000587A0000601E08B
:1054500000040060000400200000002000000000A4
:10546000000000000000000000000000000000003C
:10547000000000000000000000000000000000002C
:10548000000000000000000000000000000000001C
:10549000000000000000000000000000000000000C
:1054A00000000000000400000004000300070003E7
:1054B0000007E0010004F80100041F02000007FCDF
:1054C000000000E000000700000438000007C000F2
:1054D00000060000000400000004000000000000BE
:1054E00000000000000000000000000000000000BC
:1054F00000000000000000000000000000000000AC
:10550000000000000000000000000000000000009B
:10551000000000000000000000000000000000008B
:10552000000000000000000000078060000600E0AE
:10553000000403E0000407A000040E2000043C2047
:10554000000470200005E0200007802000070060B4
:10555000000400E0000003800000000000000000E4
:10556000000000000000000000000000000000003B
:10557000000000000000000000000000000000002B
:10558000000000000000000000000000000000001B
:10559000000000000000000000000000000000000B
:1055A00000000000000000000000000000000000FB
:1055B000000000000000000000000000000080006B
:1055C000000080000001400007FE3FF808000004D2
:1055D00010000002100000020000000000000000A7
:1055E00000000000000000000000000000000000BB
:1055F00000000000000000000000000000000000AB
:10560000000000000000000000000000000000009A
:10561000000000000000000000000000000000008A
:10562000000000000000000000000000000000007A
:10563000000000000000000000000000000000006A
:10564000FFFFFFFF0000000000000000000000005E
:10565000000000000000000000000000000000004A
:10566000000000000000000000000000000000003A
:10567000000000000000000000000000000000002A
:10568000000000000000000000000000000000001A
:10569000000000000000000000000000000000000A
:1056A00000000000000000001000000210000002D6
:1056B0000800000407FE3FF80001400000008000E1
:1056C000000080000000000000000000000000005A
:1056D00000000000000000000000000000000000CA
:1056E00000000000000000000000000000000000BA
:1056F00000000000000000000000000000000000AA
:105700000000000000000000000000000000000099
:105710000000000000000000000000000000000089
:1057200000000000180000003000000040000000F1
:105730004000000040000000200000003000000099
:105740000800000004000000020000000200000049
:10575000020000000C000000180000000000000023
:105760000000000000000000000000000000000039
:105770000000000000000000000000000000000029
:105780000000000000000000000000000000000019
:105790000000000000000000000000000000000009
:1057A0004142434445464748494A4B4C4D4E4F5071
:1057B0005152535455565758595A6162636465663D
:1057C0006768696A6B6C6D6E6F70717273747576F1
:1057D0007778797A303132333435363738392B2F80
:1057E000003031323334353637383941424344455D
:1057F000460000004D51544300000000040000002A
:105800000000000000000000000000003C0001005B
:105810004D5154570000000000000000000000003F
:105820000000000000000000000000000000000078
:105830000000000000000000000000000000000068
:105840000000000000000000000000000040404098
:105850004040404040404141414141404040404043
:1058600040404040404040404040404040050202EF
:1058700002020202020202020202020202202020AE
:10588000202020202020200202020202020290900A
:105890009090909010101010101010101010101008
:1058A000101010101010101002020202020288885C
:1058B0008888888808080808080808080808080868
:1058C0000808080808080808020202024000000050
:1058D0004D580308474554202F667573652D6F7426
:1058E000612F25732F25732F25732F636865636BD5
:1058F0003F747970653D322676657273696F6E3DCF
:10590000257320485454502F312E310D0A486F739F
:10591000743A2025730D0A417574686F72697A6153
:1059200074696F6E3A2025730D0A436F6E6E65635E
:1059300074696F6E3A20636C6F73650D0A0D0A000F
:10594000474554202F667573652D6F74612F25733D
:105950002F25732F636865636B3F76657273696F7C
:105960006E3D257320485454502F312E310D0A4876
:105970006F73743A2025730D0A417574686F7269EC
:105980007A6174696F6E3A2025730D0A436F6E6EEB
:10599000656374696F6E3A20636C6F73650D0A0DF1
:1059A0000A000000474554202F667573652D6F74FB
:1059B000612F25732F25732F25732F646F776E6CDE
:1059C0006F616420485454502F312E310D0A486FB6
:1059D00073743A2025730D0A52616E67653A20256B
:1059E0006C752D256C750D0A417574686F72697A36
:1059F0006174696F6E3A2025730D0A436F6E6E6590
:105A00006374696F6E3A20636C6F73650D0A0D0ADB
:105A100000000000303132333435363738396162B6
:105A20006364656600000000504F5354202F667574
:105A300073652D6F74612F25732F25732F76657213
:105A400073696F6E20485454502F312E310D0A481F
:105A50006F73743A2025730D0A417574686F72690B
:105A60007A6174696F6E3A2025730D0A436F6E7404
:105A7000656E742D547970653A206170706C69633D
:105A80006174696F6E2F6A736F6E0D0A436F6E6E6D
:105A9000656374696F6E3A20636C6F73650D0A43BA
:105AA0006F6E74656E742D4C656E6774683A202550
:105AB000750D0A0D0A257300504F5354202F66753B
:105AC00073652D6F74612F25732F25732F25732F09
:105AD00073746174757320485454502F312E310DF6
:105AE0000A486F73743A2025730D0A417574686F04
:105AF00072697A6174696F6E3A2025730D0A436F7B
:105B00006E74656E742D547970653A206170706C96
:105B100069636174696F6E2F6A736F6E0D0A436FEC
:105B20006E6E656374696F6E3A20636C6F73650D9A
:105B30000A436F6E74656E742D4C656E6774683AB7
:105B40002025750D0A0D0A25730000004F66666C4E
:105B5000696E6520446174612043616368656420F7
:105B6000546F20466C617368212028636163686507
:105B7000645F73657373696F6E5F746F74616C3D9E
:105B8000256C752C20666C6173685F70656E646946
:105B90006E673D256C75290D0A00000076657273ED
:105BA000696F6E3D323031382D31302D33312672F0
:105BB00065733D70726F647563747325324658481F
:105BC0006D356C747239714125324664657669634E
:105BD000657325324664302665743D32303839337A
:105BE0003532383730266D6574686F643D7368618F
:105BF00031267369676E3D6730436935426F5A32AB
:105C000035496E2532466C786E5674387A5246396C
:105C100049794C672533440044454255473A20466C
:105C20006C617368206170706561727320636F725C
:105C3000727570746564202866697273745F666C2F
:105C400061673D307825303258292C20666F726D9F
:105C5000617474696E672E2E2E0D0A0044454255FC
:105C60004720666C6173685F73746F72655F7265FD
:105C70007363616E3A2066697273745F76616C69F2
:105C8000643D256C752C2066697273745F656D7058
:105C900074793D256C752C2076616C69645F636F47
:105CA000756E743D256C750D0A000000CC5C030810
:105CB000000000209401000088130208105D030812
:105CC00094010020FCF5000080930208012AA3241F
:105CD000F409150102030406070809720196FFFF83
:105CE000FFFFFF037718EF0519AAAAAAAA9D21931F
:105CF0000208899202084DF102080A4490AFBF6978
:105D0000145A030880061CFFFFFFFF01031B8813C2
:04000005080201AD3F
:00000001FF
